driver_id,date,stop,latitude,longitude,visit_time,visit_duration,day_of_week,week_number,is_weekend
D1,2026-03-29,Store_47,23.098,72.5655,09:30,31,6,13,1
D2,2026-02-07,Store_28,23.062,72.6123,10:45,10,5,6,1
D5,2026-03-06,Store_49,23.149,72.5923,10:00,29,4,10,0
D9,2026-03-19,Store_13,23.1393,72.5441,10:30,20,3,12,0
D9,2026-04-10,Store_34,22.9573,72.468,08:30,41,4,15,0
D1,2026-01-15,Store_24,22.9253,72.5295,12:15,13,3,3,0
D4,2026-04-23,Store_37,23.1191,72.5387,09:00,41,3,17,0
D2,2026-04-08,Store_35,22.9789,72.5269,10:15,40,2,15,0
D9,2026-01-22,Store_17,23.0341,72.7033,16:45,23,3,4,0
D9,2026-04-07,Store_47,23.098,72.5655,11:30,35,1,15,0
D6,2026-02-26,Store_34,22.9573,72.468,15:00,25,3,9,0
D4,2026-01-09,Store_22,22.957,72.5323,08:15,24,4,2,0
D1,2026-01-10,Store_46,22.9274,72.6169,08:15,14,5,2,1
D1,2026-04-21,Store_22,22.957,72.5323,09:15,27,1,17,0
D8,2026-01-28,Store_35,22.9789,72.5269,10:45,25,2,5,0
D8,2026-04-14,Store_27,22.9667,72.6942,11:00,16,1,16,0
D7,2026-02-15,Store_28,23.062,72.6123,14:45,13,6,7,1
D2,2026-01-08,Store_26,22.9925,72.5124,13:00,25,3,2,0
D4,2026-01-25,Store_35,22.9789,72.5269,15:15,37,6,4,1
D3,2026-02-05,Store_30,22.9409,72.5549,11:00,38,3,6,0
D9,2026-01-13,Store_4,23.123,72.4817,16:00,15,1,3,0
D4,2026-01-22,Store_27,22.9667,72.6942,15:45,23,3,4,0
D7,2026-04-26,Store_4,23.123,72.4817,10:45,10,6,17,1
D7,2026-02-03,Store_30,22.9409,72.5549,12:45,45,1,6,0
D8,2026-01-20,Store_13,23.1393,72.5441,12:15,13,1,4,0
D10,2026-04-05,Store_35,22.9789,72.5269,08:30,13,6,14,1
D1,2026-03-16,Store_31,23.1474,72.62,16:15,13,0,12,0
D9,2026-01-11,Store_12,22.9851,72.4989,09:00,25,6,2,1
D7,2026-01-16,Store_37,23.1191,72.5387,11:00,15,4,3,0
D7,2026-03-26,Store_38,23.0639,72.5589,17:30,26,3,13,0
D4,2026-03-27,Store_46,22.9274,72.6169,13:15,26,4,13,0
D7,2026-01-17,Store_43,22.9999,72.5148,12:45,30,5,3,1
D2,2026-01-02,Store_30,22.9409,72.5549,17:00,14,4,1,0
D9,2026-01-28,Store_33,23.1107,72.654,12:15,32,2,5,0
D2,2026-04-23,Store_16,23.1018,72.6424,13:30,20,3,17,0
D8,2026-04-17,Store_35,22.9789,72.5269,12:00,45,4,16,0
D5,2026-04-30,Store_43,22.9999,72.5148,09:15,26,3,18,0
D2,2026-04-24,Store_7,22.9066,72.5097,16:15,27,4,17,0
D5,2026-03-19,Store_14,22.9232,72.4842,13:15,26,3,12,0
D9,2026-03-04,Store_17,23.0341,72.7033,08:00,37,2,10,0
D5,2026-01-06,Store_1,23.0599,72.4663,13:15,26,1,2,0
D3,2026-04-05,Store_29,22.9428,72.6423,16:45,45,6,14,1
D1,2026-01-15,Store_5,23.0055,72.4674,10:00,33,3,3,0
D10,2026-03-12,Store_10,23.1024,72.4616,14:15,12,3,11,0
D5,2026-02-16,Store_3,23.0841,72.6292,13:15,25,0,8,0
D2,2026-02-15,Store_50,23.1428,72.6752,16:45,19,6,7,1
D4,2026-04-21,Store_11,23.1015,72.6345,10:45,11,1,17,0
D3,2026-04-05,Store_22,22.957,72.5323,14:15,27,6,14,1
D3,2026-04-11,Store_45,22.9227,72.4718,09:45,12,5,15,1
D8,2026-01-29,Store_13,23.1393,72.5441,15:30,29,3,5,0
D4,2026-01-29,Store_2,22.9688,72.5158,11:45,31,3,5,0
D5,2026-04-21,Store_5,23.0055,72.4674,12:30,42,1,17,0
D7,2026-03-28,Store_35,22.9789,72.5269,13:00,17,5,13,1
D5,2026-01-23,Store_38,23.0639,72.5589,12:00,16,4,4,0
D10,2026-02-25,Store_23,22.9199,72.5182,13:45,42,2,9,0
D2,2026-02-19,Store_37,23.1191,72.5387,11:30,12,3,8,0
D7,2026-01-01,Store_34,22.9573,72.468,16:15,33,3,1,0
D7,2026-01-09,Store_43,22.9999,72.5148,13:30,17,4,2,0
D5,2026-03-06,Store_20,23.1154,72.6043,14:30,35,4,10,0
D5,2026-03-12,Store_9,22.9551,72.6073,11:45,34,3,11,0
D3,2026-03-20,Store_37,23.1191,72.5387,12:45,45,4,12,0
D1,2026-02-08,Store_19,23.1074,72.6146,11:45,30,6,6,1
D8,2026-02-26,Store_29,22.9428,72.6423,11:45,20,3,9,0
D2,2026-02-06,Store_33,23.1107,72.654,17:30,15,4,6,0
D4,2026-03-28,Store_20,23.1154,72.6043,11:15,19,5,13,1
D1,2026-01-06,Store_16,23.1018,72.6424,15:00,39,1,2,0
D7,2026-04-24,Store_41,23.0403,72.5257,17:15,34,4,17,0
D8,2026-02-21,Store_16,23.1018,72.6424,10:00,16,5,8,1
D7,2026-01-29,Store_12,22.9851,72.4989,16:45,13,3,5,0
D9,2026-02-01,Store_8,23.0625,72.5962,15:15,39,6,5,1
D9,2026-03-13,Store_39,23.1286,72.5747,13:45,42,4,11,0
D7,2026-04-17,Store_36,22.9527,72.6957,15:15,40,4,16,0
D8,2026-02-03,Store_49,23.149,72.5923,11:30,43,1,6,0
D8,2026-03-22,Store_16,23.1018,72.6424,12:45,14,6,12,1
D5,2026-01-31,Store_18,22.9946,72.598,13:30,44,5,5,1
D2,2026-01-18,Store_10,23.1024,72.4616,11:45,19,6,3,1
D4,2026-01-09,Store_27,22.9667,72.6942,14:30,44,4,2,0
D8,2026-02-23,Store_4,23.123,72.4817,11:45,34,0,9,0
D10,2026-03-31,Store_2,22.9688,72.5158,17:45,40,1,14,0
D1,2026-05-01,Store_23,22.9199,72.5182,12:45,36,4,18,0
D9,2026-04-06,Store_48,22.9159,72.5554,16:15,41,0,15,0
D4,2026-02-04,Store_28,23.062,72.6123,15:00,34,2,6,0
D6,2026-03-27,Store_44,23.1494,72.5874,14:15,39,4,13,0
D3,2026-03-21,Store_35,22.9789,72.5269,08:45,11,5,12,1
D2,2026-03-24,Store_28,23.062,72.6123,10:45,21,1,13,0
D1,2026-02-03,Store_25,23.0589,72.5512,13:15,39,1,6,0
D6,2026-02-13,Store_49,23.149,72.5923,14:30,36,4,7,0
D5,2026-04-17,Store_6,22.9547,72.5863,15:00,44,4,16,0
D1,2026-02-14,Store_15,23.1119,72.6109,09:00,11,5,7,1
D4,2026-01-26,Store_2,22.9688,72.5158,17:15,25,0,5,0
D3,2026-03-02,Store_43,22.9999,72.5148,09:15,39,0,10,0
D5,2026-04-09,Store_24,22.9253,72.5295,10:00,20,3,15,0
D5,2026-01-14,Store_38,23.0639,72.5589,08:30,34,2,3,0
D7,2026-05-01,Store_46,22.9274,72.6169,11:00,25,4,18,0
D2,2026-03-31,Store_50,23.1428,72.6752,12:00,12,1,14,0
D6,2026-03-10,Store_28,23.062,72.6123,13:00,42,1,11,0
D6,2026-01-02,Store_27,22.9667,72.6942,15:00,37,4,1,0
D6,2026-03-23,Store_30,22.9409,72.5549,10:45,21,0,13,0
D9,2026-03-25,Store_18,22.9946,72.598,17:45,39,2,13,0
D7,2026-04-16,Store_47,23.098,72.5655,17:30,30,3,16,0
D4,2026-04-17,Store_6,22.9547,72.5863,12:45,25,4,16,0
D8,2026-03-14,Store_40,22.9662,72.5217,14:30,11,5,11,1
D8,2026-04-19,Store_21,23.0761,72.4715,10:45,23,6,16,1
D6,2026-04-13,Store_17,23.0341,72.7033,13:30,27,0,16,0
D9,2026-01-02,Store_34,22.9573,72.468,11:00,25,4,1,0
D7,2026-03-04,Store_36,22.9527,72.6957,11:45,41,2,10,0
D8,2026-04-12,Store_2,22.9688,72.5158,09:30,24,6,15,1
D7,2026-03-30,Store_16,23.1018,72.6424,12:30,40,0,14,0
D9,2026-03-09,Store_23,22.9199,72.5182,14:30,32,0,11,0
D8,2026-02-04,Store_20,23.1154,72.6043,12:15,17,2,6,0
D4,2026-02-10,Store_8,23.0625,72.5962,16:15,22,1,7,0
D4,2026-04-05,Store_31,23.1474,72.62,12:30,16,6,14,1
D4,2026-02-07,Store_15,23.1119,72.6109,13:15,29,5,6,1
D1,2026-04-01,Store_35,22.9789,72.5269,10:30,12,2,14,0
D1,2026-03-12,Store_19,23.1074,72.6146,10:45,16,3,11,0
D1,2026-03-15,Store_19,23.1074,72.6146,15:45,38,6,11,1
D6,2026-01-24,Store_4,23.123,72.4817,12:45,17,5,4,1
D2,2026-02-21,Store_32,23.0392,72.6312,09:00,19,5,8,1
D3,2026-04-14,Store_37,23.1191,72.5387,12:00,25,1,16,0
D2,2026-03-13,Store_49,23.149,72.5923,14:15,43,4,11,0
D7,2026-02-27,Store_29,22.9428,72.6423,12:45,29,4,9,0
D10,2026-03-21,Store_4,23.123,72.4817,17:00,23,5,12,1
D4,2026-02-03,Store_43,22.9999,72.5148,09:15,25,1,6,0
D3,2026-03-12,Store_5,23.0055,72.4674,10:00,36,3,11,0
D8,2026-03-30,Store_39,23.1286,72.5747,15:30,12,0,14,0
D4,2026-02-06,Store_46,22.9274,72.6169,12:45,14,4,6,0
D4,2026-04-29,Store_17,23.0341,72.7033,17:15,37,2,18,0
D2,2026-03-11,Store_15,23.1119,72.6109,10:30,19,2,11,0
D2,2026-01-08,Store_11,23.1015,72.6345,12:30,38,3,2,0
D2,2026-03-01,Store_45,22.9227,72.4718,12:45,27,6,9,1
D9,2026-03-11,Store_32,23.0392,72.6312,15:00,12,2,11,0
D7,2026-04-05,Store_21,23.0761,72.4715,17:30,11,6,14,1
D2,2026-01-30,Store_44,23.1494,72.5874,17:00,27,4,5,0
D10,2026-01-06,Store_49,23.149,72.5923,10:45,43,1,2,0
D8,2026-04-28,Store_18,22.9946,72.598,10:45,41,1,18,0
D2,2026-03-02,Store_23,22.9199,72.5182,14:30,30,0,10,0
D2,2026-04-20,Store_11,23.1015,72.6345,13:45,41,0,17,0
D5,2026-03-26,Store_26,22.9925,72.5124,16:00,39,3,13,0
D2,2026-02-10,Store_17,23.0341,72.7033,13:00,35,1,7,0
D9,2026-04-16,Store_1,23.0599,72.4663,16:45,36,3,16,0
D1,2026-01-25,Store_34,22.9573,72.468,13:45,38,6,4,1
D1,2026-01-27,Store_18,22.9946,72.598,16:15,28,1,5,0
D8,2026-04-23,Store_45,22.9227,72.4718,15:00,11,3,17,0
D10,2026-04-13,Store_16,23.1018,72.6424,10:30,45,0,16,0
D1,2026-03-12,Store_27,22.9667,72.6942,09:15,17,3,11,0
D8,2026-01-16,Store_42,23.0461,72.6845,10:45,28,4,3,0
D9,2026-04-01,Store_18,22.9946,72.598,14:45,40,2,14,0
D4,2026-02-28,Store_36,22.9527,72.6957,10:45,22,5,9,1
D10,2026-03-07,Store_48,22.9159,72.5554,10:00,27,5,10,1
D7,2026-02-13,Store_33,23.1107,72.654,12:00,28,4,7,0
D5,2026-04-18,Store_38,23.0639,72.5589,17:45,19,5,16,1
D8,2026-03-10,Store_31,23.1474,72.62,13:30,45,1,11,0
D9,2026-02-18,Store_30,22.9409,72.5549,13:15,25,2,8,0
D10,2026-02-19,Store_15,23.1119,72.6109,14:00,30,3,8,0
D8,2026-04-01,Store_25,23.0589,72.5512,14:15,41,2,14,0
D1,2026-01-17,Store_33,23.1107,72.654,17:30,16,5,3,1
D8,2026-01-13,Store_34,22.9573,72.468,15:00,19,1,3,0
D7,2026-04-22,Store_42,23.0461,72.6845,10:00,40,2,17,0
D5,2026-02-13,Store_40,22.9662,72.5217,14:00,31,4,7,0
D9,2026-02-18,Store_21,23.0761,72.4715,15:00,14,2,8,0
D4,2026-03-22,Store_44,23.1494,72.5874,12:15,15,6,12,1
D7,2026-01-13,Store_49,23.149,72.5923,09:45,20,1,3,0
D5,2026-04-26,Store_2,22.9688,72.5158,08:30,13,6,17,1
D5,2026-02-15,Store_24,22.9253,72.5295,14:15,25,6,7,1
D9,2026-02-22,Store_37,23.1191,72.5387,10:15,21,6,8,1
D2,2026-03-20,Store_25,23.0589,72.5512,17:15,41,4,12,0
D10,2026-01-19,Store_15,23.1119,72.6109,15:30,39,0,4,0
D5,2026-03-27,Store_1,23.0599,72.4663,15:30,44,4,13,0
D3,2026-01-10,Store_29,22.9428,72.6423,13:30,37,5,2,1
D5,2026-02-28,Store_20,23.1154,72.6043,11:45,40,5,9,1
D2,2026-01-31,Store_25,23.0589,72.5512,17:30,28,5,5,1
D5,2026-01-03,Store_43,22.9999,72.5148,14:30,10,5,1,1
D10,2026-04-21,Store_44,23.1494,72.5874,08:45,28,1,17,0
D4,2026-03-19,Store_23,22.9199,72.5182,11:15,26,3,12,0
D3,2026-03-22,Store_7,22.9066,72.5097,08:30,38,6,12,1
D1,2026-03-16,Store_24,22.9253,72.5295,10:00,28,0,12,0
D6,2026-04-06,Store_27,22.9667,72.6942,10:15,18,0,15,0
D9,2026-04-23,Store_24,22.9253,72.5295,16:30,20,3,17,0
D5,2026-04-27,Store_31,23.1474,72.62,12:30,17,0,18,0
D8,2026-01-10,Store_10,23.1024,72.4616,11:45,45,5,2,1
D6,2026-01-12,Store_26,22.9925,72.5124,08:30,44,0,3,0
D2,2026-02-28,Store_24,22.9253,72.5295,12:45,33,5,9,1
D2,2026-03-28,Store_15,23.1119,72.6109,15:00,45,5,13,1
D6,2026-04-28,Store_40,22.9662,72.5217,11:00,39,1,18,0
D5,2026-03-25,Store_27,22.9667,72.6942,09:15,12,2,13,0
D1,2026-02-08,Store_32,23.0392,72.6312,09:00,25,6,6,1
D9,2026-01-18,Store_25,23.0589,72.5512,15:30,44,6,3,1
D7,2026-03-17,Store_48,22.9159,72.5554,10:45,16,1,12,0
D8,2026-03-20,Store_27,22.9667,72.6942,12:00,33,4,12,0
D4,2026-02-26,Store_29,22.9428,72.6423,11:30,16,3,9,0
D6,2026-03-11,Store_42,23.0461,72.6845,13:00,35,2,11,0
D5,2026-01-25,Store_8,23.0625,72.5962,15:00,23,6,4,1
D10,2026-01-03,Store_4,23.123,72.4817,13:15,18,5,1,1
D10,2026-01-27,Store_5,23.0055,72.4674,16:15,23,1,5,0
D4,2026-02-12,Store_50,23.1428,72.6752,10:00,27,3,7,0
D3,2026-01-17,Store_35,22.9789,72.5269,12:15,17,5,3,1
D1,2026-01-17,Store_1,23.0599,72.4663,13:15,30,5,3,1
D1,2026-01-23,Store_17,23.0341,72.7033,08:15,36,4,4,0
D9,2026-01-15,Store_48,22.9159,72.5554,09:45,38,3,3,0
D6,2026-03-07,Store_38,23.0639,72.5589,09:45,42,5,10,1
D4,2026-03-20,Store_3,23.0841,72.6292,16:30,39,4,12,0
D1,2026-01-08,Store_31,23.1474,72.62,14:45,16,3,2,0
D8,2026-04-02,Store_29,22.9428,72.6423,09:00,30,3,14,0
D10,2026-01-19,Store_5,23.0055,72.4674,10:30,45,0,4,0
D6,2026-02-18,Store_39,23.1286,72.5747,16:30,39,2,8,0
D9,2026-03-19,Store_28,23.062,72.6123,09:00,45,3,12,0
D4,2026-02-25,Store_29,22.9428,72.6423,11:45,31,2,9,0
D8,2026-02-21,Store_27,22.9667,72.6942,09:30,37,5,8,1
D6,2026-03-27,Store_17,23.0341,72.7033,13:15,40,4,13,0
D2,2026-01-12,Store_6,22.9547,72.5863,09:45,16,0,3,0
D6,2026-04-14,Store_9,22.9551,72.6073,16:00,45,1,16,0
D9,2026-02-12,Store_43,22.9999,72.5148,09:45,32,3,7,0
D7,2026-04-22,Store_47,23.098,72.5655,08:30,29,2,17,0
D6,2026-01-14,Store_37,23.1191,72.5387,16:15,19,2,3,0
D8,2026-01-29,Store_7,22.9066,72.5097,13:30,17,3,5,0
D5,2026-03-15,Store_15,23.1119,72.6109,14:00,27,6,11,1
D1,2026-01-24,Store_18,22.9946,72.598,12:30,32,5,4,1
D1,2026-01-24,Store_10,23.1024,72.4616,17:45,14,5,4,1
D3,2026-04-05,Store_41,23.0403,72.5257,08:00,43,6,14,1
D4,2026-02-18,Store_27,22.9667,72.6942,15:30,20,2,8,0
D6,2026-02-09,Store_47,23.098,72.5655,13:00,13,0,7,0
D3,2026-01-21,Store_49,23.149,72.5923,17:00,15,2,4,0
D5,2026-02-26,Store_43,22.9999,72.5148,14:45,38,3,9,0
D7,2026-02-04,Store_14,22.9232,72.4842,16:00,32,2,6,0
D7,2026-01-15,Store_19,23.1074,72.6146,17:45,43,3,3,0
D5,2026-01-06,Store_15,23.1119,72.6109,14:00,10,1,2,0
D4,2026-02-08,Store_14,22.9232,72.4842,10:30,28,6,6,1
D6,2026-01-16,Store_1,23.0599,72.4663,15:45,21,4,3,0
D3,2026-02-18,Store_35,22.9789,72.5269,11:30,14,2,8,0
D7,2026-04-21,Store_48,22.9159,72.5554,08:45,11,1,17,0
D8,2026-04-28,Store_5,23.0055,72.4674,13:45,35,1,18,0
D7,2026-02-07,Store_8,23.0625,72.5962,14:00,30,5,6,1
D3,2026-04-13,Store_40,22.9662,72.5217,15:30,15,0,16,0
D7,2026-04-19,Store_7,22.9066,72.5097,11:45,35,6,16,1
D9,2026-01-11,Store_26,22.9925,72.5124,12:30,24,6,2,1
D6,2026-04-10,Store_11,23.1015,72.6345,09:00,43,4,15,0
D9,2026-01-25,Store_50,23.1428,72.6752,13:30,19,6,4,1
D4,2026-01-14,Store_10,23.1024,72.4616,12:15,21,2,3,0
D10,2026-01-20,Store_49,23.149,72.5923,09:15,41,1,4,0
D8,2026-04-07,Store_37,23.1191,72.5387,17:45,30,1,15,0
D6,2026-01-20,Store_29,22.9428,72.6423,09:45,38,1,4,0
D5,2026-04-12,Store_18,22.9946,72.598,17:00,32,6,15,1
D9,2026-01-10,Store_20,23.1154,72.6043,15:45,12,5,2,1
D1,2026-02-17,Store_19,23.1074,72.6146,09:00,42,1,8,0
D7,2026-03-01,Store_38,23.0639,72.5589,16:00,38,6,9,1
D10,2026-03-25,Store_13,23.1393,72.5441,13:45,42,2,13,0
D3,2026-01-08,Store_29,22.9428,72.6423,09:30,15,3,2,0
D9,2026-03-24,Store_12,22.9851,72.4989,08:15,38,1,13,0
D8,2026-03-09,Store_34,22.9573,72.468,17:15,33,0,11,0
D6,2026-04-28,Store_19,23.1074,72.6146,14:45,31,1,18,0
D10,2026-01-07,Store_41,23.0403,72.5257,13:00,31,2,2,0
D2,2026-03-13,Store_44,23.1494,72.5874,14:30,26,4,11,0
D10,2026-04-22,Store_10,23.1024,72.4616,13:00,19,2,17,0
D6,2026-02-09,Store_42,23.0461,72.6845,14:15,15,0,7,0
D5,2026-03-13,Store_25,23.0589,72.5512,13:15,43,4,11,0
D2,2026-03-24,Store_43,22.9999,72.5148,14:30,11,1,13,0
D6,2026-02-09,Store_12,22.9851,72.4989,11:30,41,0,7,0
D4,2026-01-29,Store_9,22.9551,72.6073,10:00,28,3,5,0
D2,2026-03-06,Store_50,23.1428,72.6752,16:00,31,4,10,0
D10,2026-01-17,Store_39,23.1286,72.5747,14:15,20,5,3,1
D3,2026-04-17,Store_45,22.9227,72.4718,17:15,38,4,16,0
D1,2026-02-22,Store_24,22.9253,72.5295,11:45,28,6,8,1
D8,2026-01-30,Store_35,22.9789,72.5269,11:30,40,4,5,0
D4,2026-02-17,Store_44,23.1494,72.5874,17:45,39,1,8,0
D5,2026-04-10,Store_25,23.0589,72.5512,16:45,20,4,15,0
D4,2026-04-13,Store_39,23.1286,72.5747,10:30,13,0,16,0
D8,2026-04-22,Store_24,22.9253,72.5295,16:00,43,2,17,0
D2,2026-02-06,Store_6,22.9547,72.5863,10:30,38,4,6,0
D9,2026-01-19,Store_28,23.062,72.6123,09:15,38,0,4,0
D6,2026-04-30,Store_2,22.9688,72.5158,14:00,35,3,18,0
D9,2026-02-17,Store_16,23.1018,72.6424,14:00,33,1,8,0
D4,2026-01-04,Store_21,23.0761,72.4715,09:30,19,6,1,1
D3,2026-01-05,Store_19,23.1074,72.6146,15:15,40,0,2,0
D8,2026-03-20,Store_1,23.0599,72.4663,09:00,26,4,12,0
D4,2026-04-17,Store_10,23.1024,72.4616,16:45,17,4,16,0
D5,2026-01-31,Store_20,23.1154,72.6043,09:00,25,5,5,1
D7,2026-03-23,Store_40,22.9662,72.5217,15:00,17,0,13,0
D8,2026-03-18,Store_35,22.9789,72.5269,08:15,19,2,12,0
D5,2026-02-24,Store_1,23.0599,72.4663,17:30,25,1,9,0
D10,2026-02-23,Store_12,22.9851,72.4989,09:30,14,0,9,0
D9,2026-03-11,Store_33,23.1107,72.654,16:00,34,2,11,0
D8,2026-01-06,Store_41,23.0403,72.5257,14:30,26,1,2,0
D1,2026-02-15,Store_5,23.0055,72.4674,13:15,16,6,7,1
D10,2026-04-05,Store_49,23.149,72.5923,13:15,12,6,14,1
D6,2026-03-11,Store_22,22.957,72.5323,10:45,40,2,11,0
D3,2026-04-14,Store_9,22.9551,72.6073,09:45,12,1,16,0
D5,2026-01-26,Store_3,23.0841,72.6292,11:00,30,0,5,0
D5,2026-03-07,Store_26,22.9925,72.5124,16:45,26,5,10,1
D1,2026-04-07,Store_42,23.0461,72.6845,11:30,32,1,15,0
D1,2026-04-21,Store_42,23.0461,72.6845,13:30,17,1,17,0
D6,2026-02-25,Store_26,22.9925,72.5124,15:45,31,2,9,0
D3,2026-03-05,Store_45,22.9227,72.4718,15:30,43,3,10,0
D5,2026-04-13,Store_6,22.9547,72.5863,14:00,37,0,16,0
D10,2026-04-16,Store_12,22.9851,72.4989,16:30,30,3,16,0
D2,2026-01-11,Store_21,23.0761,72.4715,12:30,38,6,2,1
D10,2026-04-02,Store_28,23.062,72.6123,10:45,32,3,14,0
D8,2026-01-06,Store_47,23.098,72.5655,13:45,27,1,2,0
D1,2026-01-10,Store_43,22.9999,72.5148,14:30,42,5,2,1
D3,2026-01-04,Store_10,23.1024,72.4616,17:45,12,6,1,1
D3,2026-01-09,Store_16,23.1018,72.6424,13:30,34,4,2,0
D10,2026-01-05,Store_39,23.1286,72.5747,10:45,33,0,2,0
D6,2026-02-26,Store_49,23.149,72.5923,09:15,43,3,9,0
D6,2026-02-20,Store_21,23.0761,72.4715,12:15,17,4,8,0
D1,2026-04-05,Store_12,22.9851,72.4989,15:45,45,6,14,1
D2,2026-02-03,Store_50,23.1428,72.6752,12:45,23,1,6,0
D10,2026-02-06,Store_45,22.9227,72.4718,15:15,17,4,6,0
D3,2026-04-20,Store_5,23.0055,72.4674,15:15,38,0,17,0
D2,2026-04-14,Store_44,23.1494,72.5874,13:30,14,1,16,0
D9,2026-03-11,Store_19,23.1074,72.6146,12:15,21,2,11,0
D6,2026-03-07,Store_15,23.1119,72.6109,09:15,18,5,10,1
D4,2026-04-12,Store_32,23.0392,72.6312,08:30,45,6,15,1
D10,2026-02-17,Store_30,22.9409,72.5549,16:15,15,1,8,0
D2,2026-02-09,Store_26,22.9925,72.5124,15:45,36,0,7,0
D10,2026-01-10,Store_9,22.9551,72.6073,13:00,38,5,2,1
D8,2026-03-29,Store_34,22.9573,72.468,13:15,45,6,13,1
D10,2026-01-24,Store_50,23.1428,72.6752,10:45,42,5,4,1
D1,2026-04-17,Store_8,23.0625,72.5962,16:15,29,4,16,0
D3,2026-01-21,Store_21,23.0761,72.4715,11:30,43,2,4,0
D5,2026-04-19,Store_6,22.9547,72.5863,12:15,45,6,16,1
D5,2026-01-17,Store_41,23.0403,72.5257,12:00,42,5,3,1
D3,2026-03-17,Store_38,23.0639,72.5589,10:15,31,1,12,0
D10,2026-01-06,Store_2,22.9688,72.5158,09:00,26,1,2,0
D4,2026-04-09,Store_37,23.1191,72.5387,14:00,41,3,15,0
D9,2026-02-07,Store_42,23.0461,72.6845,12:45,25,5,6,1
D7,2026-02-08,Store_30,22.9409,72.5549,09:00,20,6,6,1
D8,2026-02-23,Store_31,23.1474,72.62,15:15,31,0,9,0
D10,2026-01-19,Store_21,23.0761,72.4715,13:30,35,0,4,0
D3,2026-04-08,Store_24,22.9253,72.5295,16:00,30,2,15,0
D4,2026-03-01,Store_8,23.0625,72.5962,12:45,25,6,9,1
D3,2026-01-13,Store_4,23.123,72.4817,12:45,36,1,3,0
D4,2026-04-21,Store_11,23.1015,72.6345,13:30,22,1,17,0
D3,2026-03-05,Store_33,23.1107,72.654,15:45,29,3,10,0
D8,2026-01-03,Store_6,22.9547,72.5863,14:45,25,5,1,1
D4,2026-03-16,Store_23,22.9199,72.5182,08:00,28,0,12,0
D8,2026-03-18,Store_42,23.0461,72.6845,15:30,44,2,12,0
D1,2026-04-19,Store_7,22.9066,72.5097,14:15,26,6,16,1
D6,2026-04-08,Store_26,22.9925,72.5124,13:00,35,2,15,0
D1,2026-03-14,Store_36,22.9527,72.6957,11:30,45,5,11,1
D5,2026-01-10,Store_25,23.0589,72.5512,16:45,45,5,2,1
D5,2026-04-16,Store_40,22.9662,72.5217,17:00,18,3,16,0
D2,2026-02-20,Store_24,22.9253,72.5295,13:30,19,4,8,0
D4,2026-03-19,Store_33,23.1107,72.654,14:00,12,3,12,0
D1,2026-01-18,Store_46,22.9274,72.6169,13:45,43,6,3,1
D8,2026-01-20,Store_39,23.1286,72.5747,16:15,30,1,4,0
D10,2026-02-10,Store_11,23.1015,72.6345,14:30,31,1,7,0
D9,2026-04-17,Store_33,23.1107,72.654,16:45,29,4,16,0
D8,2026-04-15,Store_2,22.9688,72.5158,13:30,17,2,16,0
D7,2026-03-16,Store_20,23.1154,72.6043,08:45,26,0,12,0
D10,2026-03-15,Store_15,23.1119,72.6109,08:45,20,6,11,1
D9,2026-03-22,Store_47,23.098,72.5655,17:45,19,6,12,1
D4,2026-01-05,Store_37,23.1191,72.5387,09:15,11,0,2,0
D8,2026-02-10,Store_27,22.9667,72.6942,10:45,23,1,7,0
D7,2026-03-06,Store_50,23.1428,72.6752,17:45,13,4,10,0
D3,2026-03-08,Store_14,22.9232,72.4842,16:30,40,6,10,1
D9,2026-02-18,Store_21,23.0761,72.4715,10:45,44,2,8,0
D6,2026-03-11,Store_23,22.9199,72.5182,12:45,22,2,11,0
D4,2026-02-05,Store_36,22.9527,72.6957,12:15,29,3,6,0
D5,2026-04-01,Store_14,22.9232,72.4842,15:30,40,2,14,0
D6,2026-03-13,Store_47,23.098,72.5655,12:30,17,4,11,0
D10,2026-03-28,Store_35,22.9789,72.5269,14:45,32,5,13,1
D3,2026-02-07,Store_3,23.0841,72.6292,12:00,32,5,6,1
D8,2026-03-25,Store_17,23.0341,72.7033,15:15,22,2,13,0
D9,2026-02-04,Store_36,22.9527,72.6957,12:15,16,2,6,0
D10,2026-04-05,Store_38,23.0639,72.5589,11:15,13,6,14,1
D9,2026-01-29,Store_41,23.0403,72.5257,11:00,16,3,5,0
D7,2026-02-12,Store_46,22.9274,72.6169,15:00,18,3,7,0
D1,2026-03-12,Store_11,23.1015,72.6345,14:45,40,3,11,0
D4,2026-04-07,Store_19,23.1074,72.6146,13:30,13,1,15,0
D2,2026-03-25,Store_37,23.1191,72.5387,11:00,21,2,13,0
D7,2026-04-23,Store_12,22.9851,72.4989,08:45,41,3,17,0
D3,2026-04-30,Store_48,22.9159,72.5554,12:00,10,3,18,0
D5,2026-03-14,Store_39,23.1286,72.5747,09:30,28,5,11,1
D8,2026-03-24,Store_35,22.9789,72.5269,16:45,18,1,13,0
D9,2026-03-01,Store_18,22.9946,72.598,11:00,31,6,9,1
D3,2026-04-04,Store_30,22.9409,72.5549,12:15,10,5,14,1
D6,2026-04-12,Store_19,23.1074,72.6146,17:15,21,6,15,1
D10,2026-04-20,Store_41,23.0403,72.5257,14:45,42,0,17,0
D6,2026-01-12,Store_26,22.9925,72.5124,09:15,18,0,3,0
D8,2026-02-11,Store_16,23.1018,72.6424,08:30,34,2,7,0
D4,2026-02-27,Store_49,23.149,72.5923,12:30,29,4,9,0
D10,2026-04-03,Store_37,23.1191,72.5387,08:30,33,4,14,0
D4,2026-01-08,Store_43,22.9999,72.5148,09:45,29,3,2,0
D3,2026-02-21,Store_44,23.1494,72.5874,16:30,17,5,8,1
D5,2026-02-17,Store_40,22.9662,72.5217,11:15,18,1,8,0
D8,2026-01-20,Store_30,22.9409,72.5549,17:30,36,1,4,0
D9,2026-04-27,Store_31,23.1474,72.62,16:15,25,0,18,0
D10,2026-04-22,Store_6,22.9547,72.5863,16:45,43,2,17,0
D6,2026-01-10,Store_37,23.1191,72.5387,09:00,45,5,2,1
D9,2026-01-26,Store_37,23.1191,72.5387,16:15,20,0,5,0
D6,2026-04-20,Store_34,22.9573,72.468,15:00,23,0,17,0
D10,2026-03-04,Store_6,22.9547,72.5863,16:45,13,2,10,0
D8,2026-01-17,Store_33,23.1107,72.654,14:45,13,5,3,1
D9,2026-03-01,Store_44,23.1494,72.5874,12:00,35,6,9,1
D5,2026-04-15,Store_1,23.0599,72.4663,11:00,12,2,16,0
D7,2026-02-14,Store_45,22.9227,72.4718,09:00,14,5,7,1
D8,2026-01-05,Store_19,23.1074,72.6146,14:15,18,0,2,0
D7,2026-02-17,Store_25,23.0589,72.5512,15:45,34,1,8,0
D2,2026-03-29,Store_43,22.9999,72.5148,16:15,32,6,13,1
D2,2026-01-23,Store_35,22.9789,72.5269,14:15,24,4,4,0
D1,2026-04-07,Store_2,22.9688,72.5158,12:45,44,1,15,0
D7,2026-03-10,Store_25,23.0589,72.5512,11:15,39,1,11,0
D6,2026-01-20,Store_18,22.9946,72.598,11:00,12,1,4,0
D7,2026-03-20,Store_50,23.1428,72.6752,08:15,23,4,12,0
D2,2026-01-13,Store_39,23.1286,72.5747,08:45,13,1,3,0
D4,2026-04-05,Store_3,23.0841,72.6292,14:45,24,6,14,1
D9,2026-01-28,Store_49,23.149,72.5923,08:15,42,2,5,0
D5,2026-01-30,Store_47,23.098,72.5655,17:30,30,4,5,0
D4,2026-02-08,Store_10,23.1024,72.4616,16:15,36,6,6,1
D5,2026-02-05,Store_4,23.123,72.4817,16:15,37,3,6,0
D9,2026-03-05,Store_4,23.123,72.4817,13:45,43,3,10,0
D6,2026-03-31,Store_27,22.9667,72.6942,14:15,29,1,14,0
D7,2026-01-24,Store_49,23.149,72.5923,16:45,25,5,4,1
D4,2026-02-08,Store_46,22.9274,72.6169,10:45,13,6,6,1
D9,2026-02-22,Store_27,22.9667,72.6942,16:15,34,6,8,1
D4,2026-02-02,Store_14,22.9232,72.4842,13:00,38,0,6,0
D6,2026-01-12,Store_35,22.9789,72.5269,11:00,27,0,3,0
D7,2026-03-28,Store_39,23.1286,72.5747,17:00,14,5,13,1
D4,2026-04-13,Store_49,23.149,72.5923,17:15,40,0,16,0
D4,2026-04-22,Store_22,22.957,72.5323,12:00,23,2,17,0
D4,2026-04-05,Store_8,23.0625,72.5962,15:15,23,6,14,1
D7,2026-04-28,Store_16,23.1018,72.6424,16:30,28,1,18,0
D7,2026-03-01,Store_35,22.9789,72.5269,13:30,26,6,9,1
D6,2026-03-07,Store_32,23.0392,72.6312,15:00,40,5,10,1
D6,2026-04-28,Store_14,22.9232,72.4842,13:30,36,1,18,0
D1,2026-03-14,Store_15,23.1119,72.6109,10:00,26,5,11,1
D9,2026-04-30,Store_38,23.0639,72.5589,17:45,28,3,18,0
D3,2026-01-26,Store_22,22.957,72.5323,11:45,25,0,5,0
D8,2026-03-12,Store_42,23.0461,72.6845,13:30,41,3,11,0
D8,2026-02-28,Store_11,23.1015,72.6345,13:15,18,5,9,1
D9,2026-03-04,Store_12,22.9851,72.4989,16:00,43,2,10,0
D1,2026-04-18,Store_5,23.0055,72.4674,08:00,36,5,16,1
D3,2026-04-18,Store_41,23.0403,72.5257,11:00,19,5,16,1
D1,2026-01-28,Store_33,23.1107,72.654,15:30,13,2,5,0
D10,2026-03-23,Store_43,22.9999,72.5148,17:45,41,0,13,0
D1,2026-01-01,Store_35,22.9789,72.5269,16:45,10,3,1,0
D1,2026-03-09,Store_47,23.098,72.5655,12:30,11,0,11,0
D9,2026-04-15,Store_45,22.9227,72.4718,14:15,16,2,16,0
D2,2026-03-09,Store_10,23.1024,72.4616,11:15,43,0,11,0
D5,2026-04-15,Store_23,22.9199,72.5182,12:45,15,2,16,0
D6,2026-02-21,Store_30,22.9409,72.5549,17:15,24,5,8,1
D5,2026-03-29,Store_6,22.9547,72.5863,08:00,35,6,13,1
D7,2026-02-18,Store_36,22.9527,72.6957,15:00,10,2,8,0
D3,2026-01-11,Store_32,23.0392,72.6312,14:30,16,6,2,1
D9,2026-04-28,Store_3,23.0841,72.6292,11:15,40,1,18,0
D5,2026-01-06,Store_5,23.0055,72.4674,12:00,21,1,2,0
D6,2026-01-03,Store_14,22.9232,72.4842,17:15,35,5,1,1
D2,2026-02-08,Store_11,23.1015,72.6345,17:15,34,6,6,1
D9,2026-02-12,Store_25,23.0589,72.5512,10:00,42,3,7,0
D6,2026-01-07,Store_7,22.9066,72.5097,14:15,14,2,2,0
D6,2026-03-19,Store_50,23.1428,72.6752,17:45,30,3,12,0
D1,2026-03-23,Store_18,22.9946,72.598,15:45,24,0,13,0
D6,2026-03-12,Store_25,23.0589,72.5512,14:15,34,3,11,0
D2,2026-04-09,Store_40,22.9662,72.5217,12:15,14,3,15,0
D2,2026-02-04,Store_10,23.1024,72.4616,14:15,34,2,6,0
D6,2026-02-16,Store_7,22.9066,72.5097,09:00,29,0,8,0
D8,2026-02-16,Store_49,23.149,72.5923,12:00,18,0,8,0
D2,2026-01-24,Store_28,23.062,72.6123,15:45,16,5,4,1
D1,2026-01-12,Store_23,22.9199,72.5182,16:00,30,0,3,0
D7,2026-01-02,Store_19,23.1074,72.6146,14:45,15,4,1,0
D9,2026-04-26,Store_16,23.1018,72.6424,17:15,34,6,17,1
D3,2026-01-18,Store_18,22.9946,72.598,12:30,41,6,3,1
D3,2026-01-09,Store_11,23.1015,72.6345,14:30,36,4,2,0
D5,2026-03-03,Store_5,23.0055,72.4674,13:30,25,1,10,0
D8,2026-03-18,Store_40,22.9662,72.5217,11:45,16,2,12,0
D3,2026-02-08,Store_1,23.0599,72.4663,14:30,34,6,6,1
D6,2026-02-26,Store_22,22.957,72.5323,14:15,29,3,9,0
D6,2026-03-19,Store_45,22.9227,72.4718,11:45,30,3,12,0
D3,2026-02-20,Store_21,23.0761,72.4715,12:45,25,4,8,0
D6,2026-02-18,Store_18,22.9946,72.598,14:30,17,2,8,0
D10,2026-01-26,Store_38,23.0639,72.5589,16:15,45,0,5,0
D1,2026-04-04,Store_30,22.9409,72.5549,11:45,28,5,14,1
D2,2026-04-15,Store_27,22.9667,72.6942,15:15,29,2,16,0
D4,2026-02-02,Store_43,22.9999,72.5148,10:45,34,0,6,0
D2,2026-02-27,Store_39,23.1286,72.5747,15:45,44,4,9,0
D9,2026-04-29,Store_45,22.9227,72.4718,14:00,33,2,18,0
D9,2026-03-18,Store_41,23.0403,72.5257,09:00,25,2,12,0
D6,2026-01-22,Store_42,23.0461,72.6845,17:00,35,3,4,0
D6,2026-04-12,Store_28,23.062,72.6123,09:00,16,6,15,1
D5,2026-01-29,Store_33,23.1107,72.654,16:15,38,3,5,0
D6,2026-02-20,Store_30,22.9409,72.5549,17:15,32,4,8,0
D1,2026-03-03,Store_7,22.9066,72.5097,12:45,15,1,10,0
D2,2026-04-17,Store_47,23.098,72.5655,10:30,29,4,16,0
D6,2026-02-28,Store_14,22.9232,72.4842,16:45,32,5,9,1
D8,2026-01-13,Store_29,22.9428,72.6423,15:30,14,1,3,0
D5,2026-01-06,Store_46,22.9274,72.6169,09:00,31,1,2,0
D2,2026-03-28,Store_11,23.1015,72.6345,11:15,45,5,13,1
D3,2026-02-12,Store_36,22.9527,72.6957,14:45,24,3,7,0
D7,2026-03-22,Store_12,22.9851,72.4989,10:45,35,6,12,1
D1,2026-04-05,Store_40,22.9662,72.5217,11:45,37,6,14,1
D7,2026-01-01,Store_46,22.9274,72.6169,11:15,27,3,1,0
D2,2026-03-15,Store_7,22.9066,72.5097,16:15,33,6,11,1
D6,2026-01-26,Store_30,22.9409,72.5549,09:30,41,0,5,0
D9,2026-03-23,Store_21,23.0761,72.4715,17:45,35,0,13,0
D10,2026-01-15,Store_23,22.9199,72.5182,13:45,21,3,3,0
D5,2026-04-28,Store_40,22.9662,72.5217,17:00,18,1,18,0
D6,2026-01-16,Store_16,23.1018,72.6424,12:00,21,4,3,0
D6,2026-03-30,Store_10,23.1024,72.4616,16:45,36,0,14,0
D10,2026-01-18,Store_37,23.1191,72.5387,14:45,21,6,3,1
D8,2026-03-23,Store_35,22.9789,72.5269,10:15,41,0,13,0
D5,2026-01-18,Store_12,22.9851,72.4989,13:45,13,6,3,1
D6,2026-01-02,Store_32,23.0392,72.6312,10:15,34,4,1,0
D9,2026-03-06,Store_42,23.0461,72.6845,15:45,41,4,10,0
D7,2026-04-01,Store_29,22.9428,72.6423,15:15,15,2,14,0
D10,2026-01-04,Store_49,23.149,72.5923,11:30,12,6,1,1
D5,2026-01-29,Store_35,22.9789,72.5269,12:15,39,3,5,0
D10,2026-04-06,Store_50,23.1428,72.6752,15:00,17,0,15,0
D5,2026-04-10,Store_35,22.9789,72.5269,13:00,38,4,15,0
D9,2026-01-28,Store_28,23.062,72.6123,09:15,29,2,5,0
D1,2026-02-27,Store_17,23.0341,72.7033,13:00,38,4,9,0
D2,2026-04-10,Store_16,23.1018,72.6424,11:30,37,4,15,0
D3,2026-03-20,Store_9,22.9551,72.6073,11:15,13,4,12,0
D10,2026-02-14,Store_35,22.9789,72.5269,12:15,30,5,7,1
D5,2026-02-07,Store_37,23.1191,72.5387,12:00,18,5,6,1
D7,2026-04-28,Store_4,23.123,72.4817,12:15,18,1,18,0
D4,2026-01-19,Store_46,22.9274,72.6169,13:15,35,0,4,0
D8,2026-01-19,Store_37,23.1191,72.5387,12:45,34,0,4,0
D8,2026-01-10,Store_41,23.0403,72.5257,09:45,42,5,2,1
D5,2026-03-30,Store_24,22.9253,72.5295,15:45,30,0,14,0
D10,2026-01-01,Store_50,23.1428,72.6752,09:45,32,3,1,0
D2,2026-04-12,Store_35,22.9789,72.5269,14:15,37,6,15,1
D4,2026-03-05,Store_18,22.9946,72.598,13:30,31,3,10,0
D9,2026-03-15,Store_9,22.9551,72.6073,17:45,31,6,11,1
D1,2026-01-06,Store_7,22.9066,72.5097,15:00,17,1,2,0
D3,2026-02-26,Store_30,22.9409,72.5549,08:45,22,3,9,0
D3,2026-04-23,Store_42,23.0461,72.6845,12:15,27,3,17,0
D2,2026-03-25,Store_24,22.9253,72.5295,12:00,33,2,13,0
D3,2026-01-07,Store_26,22.9925,72.5124,12:15,37,2,2,0
D2,2026-04-01,Store_7,22.9066,72.5097,08:15,40,2,14,0
D2,2026-01-17,Store_38,23.0639,72.5589,11:45,10,5,3,1
D1,2026-03-31,Store_22,22.957,72.5323,09:45,18,1,14,0
D8,2026-01-10,Store_15,23.1119,72.6109,14:00,16,5,2,1
D2,2026-02-10,Store_24,22.9253,72.5295,12:15,34,1,7,0
D3,2026-03-24,Store_44,23.1494,72.5874,10:00,43,1,13,0
D10,2026-01-02,Store_40,22.9662,72.5217,10:45,32,4,1,0
D4,2026-03-22,Store_48,22.9159,72.5554,10:45,38,6,12,1
D4,2026-01-12,Store_7,22.9066,72.5097,10:00,34,0,3,0
D6,2026-02-24,Store_21,23.0761,72.4715,10:15,27,1,9,0
D2,2026-02-01,Store_36,22.9527,72.6957,17:30,11,6,5,1
D5,2026-01-27,Store_34,22.9573,72.468,17:15,35,1,5,0
D5,2026-03-24,Store_4,23.123,72.4817,11:45,34,1,13,0
D2,2026-01-31,Store_32,23.0392,72.6312,17:00,43,5,5,1
D1,2026-02-16,Store_21,23.0761,72.4715,10:45,36,0,8,0
D6,2026-03-11,Store_44,23.1494,72.5874,10:45,14,2,11,0
D1,2026-03-17,Store_5,23.0055,72.4674,08:30,23,1,12,0
D1,2026-04-29,Store_4,23.123,72.4817,14:30,42,2,18,0
D7,2026-02-24,Store_45,22.9227,72.4718,14:00,44,1,9,0
D9,2026-03-20,Store_10,23.1024,72.4616,12:00,29,4,12,0
D2,2026-03-07,Store_14,22.9232,72.4842,10:30,35,5,10,1
D10,2026-03-23,Store_49,23.149,72.5923,09:30,37,0,13,0
D4,2026-01-08,Store_16,23.1018,72.6424,09:45,17,3,2,0
D8,2026-03-20,Store_39,23.1286,72.5747,08:30,21,4,12,0
D2,2026-01-02,Store_46,22.9274,72.6169,10:00,20,4,1,0
D8,2026-02-14,Store_34,22.9573,72.468,16:30,20,5,7,1
D6,2026-01-17,Store_48,22.9159,72.5554,12:00,11,5,3,1
D6,2026-04-14,Store_28,23.062,72.6123,12:00,26,1,16,0
D10,2026-03-22,Store_5,23.0055,72.4674,15:45,42,6,12,1
D6,2026-01-08,Store_32,23.0392,72.6312,17:15,33,3,2,0
D3,2026-02-02,Store_50,23.1428,72.6752,09:00,24,0,6,0
D9,2026-01-01,Store_3,23.0841,72.6292,08:15,12,3,1,0
D8,2026-02-16,Store_25,23.0589,72.5512,10:15,12,0,8,0
D9,2026-04-13,Store_46,22.9274,72.6169,14:15,30,0,16,0
D4,2026-02-23,Store_47,23.098,72.5655,13:30,14,0,9,0
D10,2026-02-17,Store_8,23.0625,72.5962,16:00,21,1,8,0
D4,2026-04-13,Store_34,22.9573,72.468,08:45,14,0,16,0
D8,2026-04-21,Store_19,23.1074,72.6146,12:30,15,1,17,0
D9,2026-02-28,Store_1,23.0599,72.4663,13:15,28,5,9,1
D10,2026-04-11,Store_20,23.1154,72.6043,17:15,39,5,15,1
D6,2026-03-17,Store_32,23.0392,72.6312,11:15,19,1,12,0
D1,2026-04-30,Store_27,22.9667,72.6942,08:15,44,3,18,0
D6,2026-03-23,Store_45,22.9227,72.4718,08:30,10,0,13,0
D7,2026-04-19,Store_48,22.9159,72.5554,12:00,23,6,16,1
D9,2026-01-31,Store_27,22.9667,72.6942,15:00,19,5,5,1
D5,2026-01-12,Store_3,23.0841,72.6292,11:45,33,0,3,0
D8,2026-04-06,Store_6,22.9547,72.5863,17:00,42,0,15,0
D3,2026-03-23,Store_26,22.9925,72.5124,09:00,37,0,13,0
D3,2026-01-31,Store_19,23.1074,72.6146,12:30,35,5,5,1
D6,2026-02-10,Store_29,22.9428,72.6423,12:15,14,1,7,0
D4,2026-01-18,Store_50,23.1428,72.6752,17:00,19,6,3,1
D2,2026-01-22,Store_29,22.9428,72.6423,15:30,36,3,4,0
D2,2026-03-10,Store_23,22.9199,72.5182,11:45,29,1,11,0
D8,2026-02-03,Store_8,23.0625,72.5962,09:15,29,1,6,0
D10,2026-01-06,Store_14,22.9232,72.4842,13:15,15,1,2,0
D4,2026-02-15,Store_26,22.9925,72.5124,16:00,29,6,7,1
D5,2026-04-15,Store_12,22.9851,72.4989,08:45,38,2,16,0
D9,2026-04-06,Store_36,22.9527,72.6957,11:00,39,0,15,0
D2,2026-04-13,Store_9,22.9551,72.6073,09:00,13,0,16,0
D4,2026-01-17,Store_13,23.1393,72.5441,14:30,15,5,3,1
D10,2026-03-17,Store_17,23.0341,72.7033,09:00,14,1,12,0
D4,2026-04-26,Store_42,23.0461,72.6845,15:15,15,6,17,1
D6,2026-01-16,Store_3,23.0841,72.6292,15:00,20,4,3,0
D10,2026-02-25,Store_47,23.098,72.5655,14:45,11,2,9,0
D7,2026-03-29,Store_28,23.062,72.6123,10:30,23,6,13,1
D3,2026-02-05,Store_18,22.9946,72.598,15:15,12,3,6,0
D10,2026-03-21,Store_40,22.9662,72.5217,11:30,41,5,12,1
D7,2026-04-23,Store_36,22.9527,72.6957,15:00,15,3,17,0
D5,2026-02-19,Store_9,22.9551,72.6073,14:15,43,3,8,0
D4,2026-03-22,Store_35,22.9789,72.5269,08:45,32,6,12,1
D8,2026-03-11,Store_32,23.0392,72.6312,13:30,34,2,11,0
D5,2026-01-24,Store_2,22.9688,72.5158,13:15,11,5,4,1
D5,2026-01-08,Store_31,23.1474,72.62,16:30,24,3,2,0
D3,2026-01-13,Store_16,23.1018,72.6424,11:30,44,1,3,0
D1,2026-04-08,Store_15,23.1119,72.6109,17:45,32,2,15,0
D3,2026-01-23,Store_16,23.1018,72.6424,17:30,32,4,4,0
D10,2026-01-04,Store_46,22.9274,72.6169,13:15,22,6,1,1
D8,2026-03-11,Store_20,23.1154,72.6043,10:45,12,2,11,0
D2,2026-01-08,Store_15,23.1119,72.6109,17:15,11,3,2,0
D9,2026-03-03,Store_1,23.0599,72.4663,13:15,18,1,10,0
D6,2026-04-02,Store_12,22.9851,72.4989,13:00,11,3,14,0
D3,2026-03-17,Store_46,22.9274,72.6169,10:00,43,1,12,0
D6,2026-01-10,Store_24,22.9253,72.5295,14:00,31,5,2,1
D5,2026-02-11,Store_9,22.9551,72.6073,10:45,41,2,7,0
D6,2026-01-23,Store_46,22.9274,72.6169,16:30,24,4,4,0
D10,2026-04-15,Store_12,22.9851,72.4989,14:30,28,2,16,0
D3,2026-01-23,Store_47,23.098,72.5655,08:45,12,4,4,0
D3,2026-03-19,Store_21,23.0761,72.4715,17:15,16,3,12,0
D8,2026-01-19,Store_22,22.957,72.5323,09:15,32,0,4,0
D6,2026-01-22,Store_41,23.0403,72.5257,09:30,38,3,4,0
D1,2026-02-03,Store_14,22.9232,72.4842,11:00,32,1,6,0
D5,2026-04-11,Store_7,22.9066,72.5097,08:00,34,5,15,1
D8,2026-04-04,Store_27,22.9667,72.6942,10:45,41,5,14,1
D7,2026-02-14,Store_35,22.9789,72.5269,14:00,40,5,7,1
D10,2026-03-25,Store_49,23.149,72.5923,11:15,38,2,13,0
D2,2026-04-13,Store_3,23.0841,72.6292,12:00,30,0,16,0
D5,2026-01-14,Store_5,23.0055,72.4674,13:15,34,2,3,0
D3,2026-04-04,Store_5,23.0055,72.4674,16:00,31,5,14,1
D10,2026-03-20,Store_31,23.1474,72.62,08:45,20,4,12,0
D10,2026-04-24,Store_28,23.062,72.6123,10:00,16,4,17,0
D6,2026-01-27,Store_13,23.1393,72.5441,14:30,28,1,5,0
D5,2026-01-31,Store_7,22.9066,72.5097,08:45,45,5,5,1
D8,2026-01-20,Store_4,23.123,72.4817,13:00,37,1,4,0
D2,2026-02-07,Store_43,22.9999,72.5148,17:45,22,5,6,1
D2,2026-01-04,Store_14,22.9232,72.4842,10:30,15,6,1,1
D8,2026-04-19,Store_8,23.0625,72.5962,12:45,40,6,16,1
D8,2026-04-25,Store_43,22.9999,72.5148,12:00,44,5,17,1
D7,2026-01-24,Store_24,22.9253,72.5295,14:30,21,5,4,1
D8,2026-01-06,Store_17,23.0341,72.7033,15:45,26,1,2,0
D4,2026-04-18,Store_18,22.9946,72.598,17:00,19,5,16,1
D2,2026-01-11,Store_43,22.9999,72.5148,13:45,24,6,2,1
D9,2026-01-08,Store_25,23.0589,72.5512,16:45,44,3,2,0
D8,2026-03-15,Store_16,23.1018,72.6424,15:30,15,6,11,1
D7,2026-04-26,Store_46,22.9274,72.6169,08:15,17,6,17,1
D8,2026-01-23,Store_11,23.1015,72.6345,11:15,18,4,4,0
D1,2026-02-24,Store_6,22.9547,72.5863,14:15,19,1,9,0
D10,2026-02-03,Store_21,23.0761,72.4715,09:00,34,1,6,0
D9,2026-02-20,Store_36,22.9527,72.6957,13:30,43,4,8,0
D8,2026-04-28,Store_1,23.0599,72.4663,17:45,17,1,18,0
D7,2026-01-20,Store_10,23.1024,72.4616,17:00,16,1,4,0
D10,2026-04-10,Store_7,22.9066,72.5097,12:30,36,4,15,0
D5,2026-02-19,Store_42,23.0461,72.6845,15:45,12,3,8,0
D3,2026-02-05,Store_26,22.9925,72.5124,10:45,12,3,6,0
D7,2026-04-24,Store_22,22.957,72.5323,11:00,40,4,17,0
D5,2026-04-25,Store_24,22.9253,72.5295,08:30,29,5,17,1
D5,2026-02-05,Store_32,23.0392,72.6312,09:15,18,3,6,0
D5,2026-04-06,Store_29,22.9428,72.6423,13:30,36,0,15,0
D10,2026-03-24,Store_6,22.9547,72.5863,11:45,23,1,13,0
D7,2026-04-05,Store_32,23.0392,72.6312,16:30,13,6,14,1
D9,2026-04-12,Store_11,23.1015,72.6345,09:30,42,6,15,1
D7,2026-01-18,Store_50,23.1428,72.6752,16:00,21,6,3,1
D4,2026-04-23,Store_13,23.1393,72.5441,08:15,12,3,17,0
D8,2026-01-07,Store_24,22.9253,72.5295,11:30,33,2,2,0
D8,2026-03-06,Store_26,22.9925,72.5124,09:00,25,4,10,0
D6,2026-03-04,Store_39,23.1286,72.5747,15:15,40,2,10,0
D10,2026-03-12,Store_23,22.9199,72.5182,13:15,26,3,11,0
D2,2026-02-06,Store_2,22.9688,72.5158,14:00,20,4,6,0
D10,2026-04-10,Store_14,22.9232,72.4842,11:15,23,4,15,0
D5,2026-03-25,Store_27,22.9667,72.6942,16:00,10,2,13,0
D8,2026-04-27,Store_9,22.9551,72.6073,10:00,24,0,18,0
D5,2026-03-19,Store_20,23.1154,72.6043,12:45,34,3,12,0
D6,2026-02-28,Store_17,23.0341,72.7033,11:45,29,5,9,1
D9,2026-04-16,Store_40,22.9662,72.5217,14:00,10,3,16,0
D9,2026-03-26,Store_24,22.9253,72.5295,16:30,29,3,13,0
D2,2026-03-03,Store_5,23.0055,72.4674,13:30,30,1,10,0
D5,2026-02-03,Store_42,23.0461,72.6845,12:15,19,1,6,0
D9,2026-04-08,Store_16,23.1018,72.6424,08:45,30,2,15,0
D3,2026-04-03,Store_2,22.9688,72.5158,15:30,26,4,14,0
D7,2026-02-21,Store_25,23.0589,72.5512,08:15,31,5,8,1
D4,2026-03-29,Store_35,22.9789,72.5269,15:30,42,6,13,1
D5,2026-04-19,Store_11,23.1015,72.6345,16:15,28,6,16,1
D2,2026-03-02,Store_9,22.9551,72.6073,12:15,31,0,10,0
D2,2026-01-29,Store_23,22.9199,72.5182,11:30,36,3,5,0
D6,2026-02-17,Store_17,23.0341,72.7033,17:30,39,1,8,0
D2,2026-03-02,Store_4,23.123,72.4817,17:00,40,0,10,0
D4,2026-03-06,Store_8,23.0625,72.5962,14:30,36,4,10,0
D1,2026-04-22,Store_10,23.1024,72.4616,10:15,31,2,17,0
D7,2026-03-14,Store_30,22.9409,72.5549,10:30,21,5,11,1
D2,2026-03-04,Store_22,22.957,72.5323,10:30,13,2,10,0
D1,2026-02-27,Store_18,22.9946,72.598,11:15,20,4,9,0
D8,2026-04-11,Store_49,23.149,72.5923,09:15,37,5,15,1
D7,2026-02-21,Store_28,23.062,72.6123,15:45,10,5,8,1
D1,2026-03-10,Store_13,23.1393,72.5441,13:00,30,1,11,0
D9,2026-01-25,Store_2,22.9688,72.5158,08:15,24,6,4,1
D6,2026-02-09,Store_9,22.9551,72.6073,09:45,42,0,7,0
D10,2026-02-09,Store_11,23.1015,72.6345,09:00,29,0,7,0
D5,2026-02-28,Store_47,23.098,72.5655,16:30,37,5,9,1
D3,2026-02-13,Store_32,23.0392,72.6312,13:15,20,4,7,0
D7,2026-01-03,Store_15,23.1119,72.6109,11:15,23,5,1,1
D1,2026-03-17,Store_33,23.1107,72.654,10:00,33,1,12,0
D1,2026-02-18,Store_41,23.0403,72.5257,12:00,13,2,8,0
D2,2026-03-25,Store_2,22.9688,72.5158,08:00,36,2,13,0
D8,2026-02-18,Store_8,23.0625,72.5962,16:30,40,2,8,0
D3,2026-01-27,Store_45,22.9227,72.4718,08:30,36,1,5,0
D2,2026-03-26,Store_34,22.9573,72.468,12:15,36,3,13,0
D2,2026-03-07,Store_47,23.098,72.5655,17:00,28,5,10,1
D2,2026-04-11,Store_7,22.9066,72.5097,15:15,22,5,15,1
D5,2026-04-17,Store_34,22.9573,72.468,11:30,36,4,16,0
D5,2026-01-21,Store_3,23.0841,72.6292,16:45,23,2,4,0
D8,2026-02-12,Store_16,23.1018,72.6424,08:00,15,3,7,0
D2,2026-04-17,Store_37,23.1191,72.5387,15:15,15,4,16,0
D9,2026-01-10,Store_47,23.098,72.5655,09:30,24,5,2,1
D8,2026-02-07,Store_17,23.0341,72.7033,15:00,16,5,6,1
D3,2026-04-22,Store_3,23.0841,72.6292,12:30,30,2,17,0
D7,2026-04-05,Store_8,23.0625,72.5962,09:00,10,6,14,1
D3,2026-03-26,Store_42,23.0461,72.6845,10:30,32,3,13,0
D8,2026-03-21,Store_18,22.9946,72.598,09:30,31,5,12,1
D3,2026-01-15,Store_26,22.9925,72.5124,14:45,27,3,3,0
D7,2026-03-30,Store_31,23.1474,72.62,14:15,17,0,14,0
D3,2026-03-31,Store_47,23.098,72.5655,08:15,16,1,14,0
D7,2026-04-27,Store_38,23.0639,72.5589,15:45,21,0,18,0
D10,2026-02-18,Store_50,23.1428,72.6752,13:00,18,2,8,0
D8,2026-04-28,Store_32,23.0392,72.6312,09:45,38,1,18,0
D1,2026-01-09,Store_17,23.0341,72.7033,13:00,43,4,2,0
D10,2026-04-03,Store_37,23.1191,72.5387,11:30,43,4,14,0
D9,2026-03-30,Store_45,22.9227,72.4718,17:00,37,0,14,0
D4,2026-03-03,Store_23,22.9199,72.5182,14:15,45,1,10,0
D10,2026-01-07,Store_1,23.0599,72.4663,10:45,41,2,2,0
D3,2026-01-10,Store_49,23.149,72.5923,15:30,25,5,2,1
D6,2026-02-05,Store_4,23.123,72.4817,16:15,45,3,6,0
D7,2026-02-21,Store_16,23.1018,72.6424,09:45,38,5,8,1
D10,2026-02-27,Store_6,22.9547,72.5863,15:45,30,4,9,0
D2,2026-03-05,Store_48,22.9159,72.5554,08:00,35,3,10,0
D7,2026-01-05,Store_36,22.9527,72.6957,16:00,15,0,2,0
D10,2026-03-21,Store_41,23.0403,72.5257,12:15,39,5,12,1
D6,2026-02-16,Store_4,23.123,72.4817,11:45,31,0,8,0
D9,2026-04-09,Store_40,22.9662,72.5217,17:45,33,3,15,0
D8,2026-01-15,Store_7,22.9066,72.5097,11:00,31,3,3,0
D6,2026-04-17,Store_41,23.0403,72.5257,12:30,16,4,16,0
D1,2026-04-25,Store_11,23.1015,72.6345,15:15,36,5,17,1
D2,2026-02-02,Store_40,22.9662,72.5217,11:15,17,0,6,0
D7,2026-01-28,Store_30,22.9409,72.5549,11:30,16,2,5,0
D7,2026-01-06,Store_41,23.0403,72.5257,17:00,38,1,2,0
D8,2026-03-26,Store_38,23.0639,72.5589,16:15,41,3,13,0
D1,2026-03-09,Store_48,22.9159,72.5554,08:45,40,0,11,0
D9,2026-04-10,Store_12,22.9851,72.4989,17:15,18,4,15,0
D2,2026-02-19,Store_43,22.9999,72.5148,17:30,42,3,8,0
D7,2026-02-23,Store_39,23.1286,72.5747,11:30,35,0,9,0
D6,2026-02-07,Store_29,22.9428,72.6423,10:15,36,5,6,1
D10,2026-03-31,Store_48,22.9159,72.5554,16:30,45,1,14,0
D6,2026-04-02,Store_48,22.9159,72.5554,16:15,22,3,14,0
D4,2026-03-21,Store_46,22.9274,72.6169,12:30,18,5,12,1
D3,2026-03-06,Store_35,22.9789,72.5269,13:00,32,4,10,0
D9,2026-03-03,Store_38,23.0639,72.5589,17:45,44,1,10,0
D5,2026-04-23,Store_28,23.062,72.6123,08:00,11,3,17,0
D7,2026-01-19,Store_4,23.123,72.4817,08:15,27,0,4,0
D3,2026-02-06,Store_44,23.1494,72.5874,12:15,13,4,6,0
D5,2026-01-27,Store_49,23.149,72.5923,16:00,32,1,5,0
D8,2026-01-14,Store_40,22.9662,72.5217,16:15,45,2,3,0
D7,2026-01-31,Store_33,23.1107,72.654,12:00,34,5,5,1
D7,2026-02-23,Store_44,23.1494,72.5874,13:00,10,0,9,0
D5,2026-01-26,Store_40,22.9662,72.5217,15:15,33,0,5,0
D10,2026-03-11,Store_48,22.9159,72.5554,17:15,22,2,11,0
D5,2026-02-27,Store_12,22.9851,72.4989,09:15,21,4,9,0
D9,2026-01-16,Store_25,23.0589,72.5512,08:45,27,4,3,0
D9,2026-02-03,Store_9,22.9551,72.6073,10:30,10,1,6,0
D6,2026-03-01,Store_46,22.9274,72.6169,10:00,19,6,9,1
D6,2026-03-18,Store_4,23.123,72.4817,17:30,41,2,12,0
D10,2026-03-12,Store_23,22.9199,72.5182,09:30,43,3,11,0
D4,2026-01-24,Store_34,22.9573,72.468,09:15,36,5,4,1
D9,2026-03-10,Store_26,22.9925,72.5124,09:30,24,1,11,0
D4,2026-03-26,Store_22,22.957,72.5323,13:30,28,3,13,0
D4,2026-04-07,Store_40,22.9662,72.5217,16:45,45,1,15,0
D1,2026-01-15,Store_43,22.9999,72.5148,13:45,25,3,3,0
D10,2026-04-28,Store_40,22.9662,72.5217,11:00,30,1,18,0
D7,2026-04-28,Store_8,23.0625,72.5962,14:30,44,1,18,0
D5,2026-01-04,Store_34,22.9573,72.468,13:45,41,6,1,1
D1,2026-02-07,Store_42,23.0461,72.6845,11:30,42,5,6,1
D2,2026-01-13,Store_11,23.1015,72.6345,16:00,14,1,3,0
D4,2026-03-27,Store_41,23.0403,72.5257,11:45,16,4,13,0
D4,2026-03-10,Store_45,22.9227,72.4718,14:00,19,1,11,0
D1,2026-02-28,Store_46,22.9274,72.6169,13:00,15,5,9,1
D2,2026-01-07,Store_12,22.9851,72.4989,12:00,24,2,2,0
D5,2026-02-22,Store_25,23.0589,72.5512,15:45,37,6,8,1
D6,2026-01-03,Store_25,23.0589,72.5512,09:00,14,5,1,1
D10,2026-01-06,Store_45,22.9227,72.4718,09:30,42,1,2,0
D2,2026-02-07,Store_44,23.1494,72.5874,12:00,28,5,6,1
D8,2026-02-18,Store_26,22.9925,72.5124,08:45,20,2,8,0
D9,2026-01-29,Store_9,22.9551,72.6073,14:30,19,3,5,0
D5,2026-03-28,Store_47,23.098,72.5655,13:00,45,5,13,1
D9,2026-01-19,Store_8,23.0625,72.5962,08:00,35,0,4,0
D9,2026-03-12,Store_6,22.9547,72.5863,12:15,32,3,11,0
D4,2026-02-22,Store_42,23.0461,72.6845,16:15,20,6,8,1
D3,2026-01-29,Store_40,22.9662,72.5217,12:15,17,3,5,0
D3,2026-03-27,Store_37,23.1191,72.5387,08:45,45,4,13,0
D2,2026-02-07,Store_43,22.9999,72.5148,09:30,16,5,6,1
D4,2026-04-03,Store_38,23.0639,72.5589,15:30,32,4,14,0
D3,2026-03-27,Store_42,23.0461,72.6845,11:00,28,4,13,0
D10,2026-01-09,Store_13,23.1393,72.5441,13:45,38,4,2,0
D6,2026-03-20,Store_43,22.9999,72.5148,12:15,33,4,12,0
D6,2026-02-24,Store_11,23.1015,72.6345,08:30,25,1,9,0
D4,2026-04-02,Store_48,22.9159,72.5554,14:30,33,3,14,0
D3,2026-03-28,Store_47,23.098,72.5655,13:45,39,5,13,1
D8,2026-02-15,Store_50,23.1428,72.6752,12:45,45,6,7,1
D2,2026-01-23,Store_42,23.0461,72.6845,17:00,27,4,4,0
D3,2026-04-25,Store_35,22.9789,72.5269,11:30,14,5,17,1
D2,2026-04-25,Store_2,22.9688,72.5158,16:00,35,5,17,1
D10,2026-01-28,Store_3,23.0841,72.6292,16:30,44,2,5,0
D9,2026-03-02,Store_42,23.0461,72.6845,10:30,35,0,10,0
D4,2026-04-25,Store_50,23.1428,72.6752,17:30,18,5,17,1
D8,2026-03-06,Store_33,23.1107,72.654,09:45,33,4,10,0
D9,2026-01-02,Store_43,22.9999,72.5148,11:15,42,4,1,0
D3,2026-02-27,Store_11,23.1015,72.6345,10:15,40,4,9,0
D6,2026-01-06,Store_15,23.1119,72.6109,15:15,14,1,2,0
D5,2026-02-17,Store_15,23.1119,72.6109,08:15,43,1,8,0
D6,2026-02-19,Store_31,23.1474,72.62,15:00,12,3,8,0
D6,2026-01-14,Store_46,22.9274,72.6169,16:30,26,2,3,0
D10,2026-03-11,Store_37,23.1191,72.5387,10:45,34,2,11,0
D6,2026-03-17,Store_42,23.0461,72.6845,09:30,34,1,12,0
D4,2026-03-08,Store_26,22.9925,72.5124,13:30,41,6,10,1
D8,2026-04-24,Store_39,23.1286,72.5747,08:15,38,4,17,0
D3,2026-01-30,Store_5,23.0055,72.4674,16:30,23,4,5,0
D3,2026-01-24,Store_11,23.1015,72.6345,13:00,24,5,4,1
D7,2026-04-14,Store_22,22.957,72.5323,09:45,40,1,16,0
D8,2026-01-27,Store_38,23.0639,72.5589,10:45,11,1,5,0
D4,2026-01-06,Store_9,22.9551,72.6073,17:15,18,1,2,0
D9,2026-01-06,Store_37,23.1191,72.5387,10:00,20,1,2,0
D5,2026-04-29,Store_12,22.9851,72.4989,16:45,11,2,18,0
D5,2026-01-11,Store_14,22.9232,72.4842,15:45,40,6,2,1
D3,2026-01-29,Store_27,22.9667,72.6942,17:15,21,3,5,0
D10,2026-03-26,Store_33,23.1107,72.654,12:15,31,3,13,0
D8,2026-03-18,Store_38,23.0639,72.5589,09:15,34,2,12,0
D7,2026-01-17,Store_7,22.9066,72.5097,08:15,43,5,3,1
D9,2026-03-29,Store_27,22.9667,72.6942,10:00,21,6,13,1
D8,2026-04-26,Store_40,22.9662,72.5217,17:00,44,6,17,1
D9,2026-04-07,Store_8,23.0625,72.5962,09:45,18,1,15,0
D10,2026-03-11,Store_1,23.0599,72.4663,14:45,33,2,11,0
D1,2026-03-31,Store_34,22.9573,72.468,14:15,40,1,14,0
D7,2026-02-14,Store_38,23.0639,72.5589,17:00,37,5,7,1
D3,2026-02-02,Store_31,23.1474,72.62,11:00,28,0,6,0
D10,2026-04-23,Store_35,22.9789,72.5269,14:30,22,3,17,0
D1,2026-04-01,Store_48,22.9159,72.5554,08:00,43,2,14,0
D1,2026-02-18,Store_42,23.0461,72.6845,11:30,36,2,8,0
D6,2026-01-14,Store_10,23.1024,72.4616,14:30,26,2,3,0
D9,2026-02-24,Store_37,23.1191,72.5387,13:30,35,1,9,0
D4,2026-02-22,Store_36,22.9527,72.6957,16:45,21,6,8,1
D6,2026-03-13,Store_36,22.9527,72.6957,15:30,29,4,11,0
D10,2026-02-14,Store_50,23.1428,72.6752,14:15,17,5,7,1
D4,2026-02-27,Store_45,22.9227,72.4718,10:00,23,4,9,0
D9,2026-02-21,Store_22,22.957,72.5323,16:00,20,5,8,1
D7,2026-03-23,Store_1,23.0599,72.4663,09:15,40,0,13,0
D10,2026-02-25,Store_6,22.9547,72.5863,09:30,24,2,9,0
D6,2026-01-11,Store_39,23.1286,72.5747,08:45,35,6,2,1
D10,2026-03-25,Store_34,22.9573,72.468,12:00,21,2,13,0
D8,2026-02-26,Store_1,23.0599,72.4663,11:30,22,3,9,0
D1,2026-04-11,Store_39,23.1286,72.5747,16:15,20,5,15,1
D1,2026-02-16,Store_16,23.1018,72.6424,08:15,15,0,8,0
D5,2026-04-10,Store_26,22.9925,72.5124,13:45,35,4,15,0
D10,2026-01-26,Store_34,22.9573,72.468,08:00,15,0,5,0
D9,2026-02-06,Store_47,23.098,72.5655,16:30,32,4,6,0
D5,2026-01-29,Store_39,23.1286,72.5747,11:45,35,3,5,0
D10,2026-01-01,Store_17,23.0341,72.7033,10:45,42,3,1,0
D2,2026-03-13,Store_5,23.0055,72.4674,16:30,31,4,11,0
D2,2026-04-13,Store_33,23.1107,72.654,12:30,38,0,16,0
D7,2026-03-14,Store_31,23.1474,72.62,11:30,39,5,11,1
D8,2026-04-25,Store_38,23.0639,72.5589,08:45,17,5,17,1
D5,2026-01-09,Store_25,23.0589,72.5512,11:15,30,4,2,0
D7,2026-02-15,Store_34,22.9573,72.468,16:00,26,6,7,1
D4,2026-02-06,Store_6,22.9547,72.5863,14:30,14,4,6,0
D9,2026-04-30,Store_12,22.9851,72.4989,15:30,32,3,18,0
D4,2026-04-25,Store_37,23.1191,72.5387,12:15,22,5,17,1
D8,2026-04-05,Store_13,23.1393,72.5441,11:15,26,6,14,1
D4,2026-01-30,Store_13,23.1393,72.5441,11:30,19,4,5,0
D2,2026-01-16,Store_6,22.9547,72.5863,15:00,44,4,3,0
D1,2026-04-19,Store_31,23.1474,72.62,13:30,41,6,16,1
D10,2026-04-22,Store_18,22.9946,72.598,15:15,42,2,17,0
D5,2026-02-20,Store_15,23.1119,72.6109,17:15,13,4,8,0
D9,2026-04-13,Store_28,23.062,72.6123,15:00,42,0,16,0
D6,2026-02-20,Store_44,23.1494,72.5874,10:45,17,4,8,0
D9,2026-02-28,Store_21,23.0761,72.4715,08:00,23,5,9,1
D7,2026-03-16,Store_7,22.9066,72.5097,13:30,26,0,12,0
D3,2026-03-12,Store_17,23.0341,72.7033,11:30,40,3,11,0
D10,2026-02-13,Store_24,22.9253,72.5295,10:45,37,4,7,0
D4,2026-02-23,Store_45,22.9227,72.4718,13:30,35,0,9,0
D5,2026-02-27,Store_12,22.9851,72.4989,17:15,24,4,9,0
D2,2026-04-03,Store_18,22.9946,72.598,11:45,34,4,14,0
D4,2026-01-19,Store_48,22.9159,72.5554,10:45,10,0,4,0
D3,2026-02-23,Store_32,23.0392,72.6312,10:30,41,0,9,0
D5,2026-02-02,Store_36,22.9527,72.6957,17:00,35,0,6,0
D2,2026-03-30,Store_11,23.1015,72.6345,08:15,26,0,14,0
D8,2026-04-18,Store_41,23.0403,72.5257,09:45,31,5,16,1
D5,2026-02-16,Store_24,22.9253,72.5295,16:30,32,0,8,0
D1,2026-02-22,Store_8,23.0625,72.5962,13:15,44,6,8,1
D3,2026-04-10,Store_19,23.1074,72.6146,13:30,42,4,15,0
D8,2026-04-10,Store_48,22.9159,72.5554,15:00,34,4,15,0
D10,2026-02-06,Store_30,22.9409,72.5549,10:15,31,4,6,0
D7,2026-03-22,Store_40,22.9662,72.5217,17:45,14,6,12,1
D2,2026-01-21,Store_22,22.957,72.5323,11:30,30,2,4,0
D5,2026-04-01,Store_18,22.9946,72.598,17:45,27,2,14,0
D8,2026-04-10,Store_24,22.9253,72.5295,17:45,36,4,15,0
D3,2026-01-24,Store_2,22.9688,72.5158,10:15,26,5,4,1
D2,2026-01-27,Store_11,23.1015,72.6345,14:00,16,1,5,0
D2,2026-04-30,Store_31,23.1474,72.62,16:00,11,3,18,0
D7,2026-03-09,Store_49,23.149,72.5923,09:00,26,0,11,0
D10,2026-01-20,Store_6,22.9547,72.5863,14:30,24,1,4,0
D4,2026-04-05,Store_19,23.1074,72.6146,15:15,18,6,14,1
D9,2026-04-18,Store_11,23.1015,72.6345,08:00,32,5,16,1
D6,2026-04-21,Store_31,23.1474,72.62,15:30,45,1,17,0
D8,2026-01-18,Store_45,22.9227,72.4718,16:15,39,6,3,1
D10,2026-02-25,Store_34,22.9573,72.468,16:30,32,2,9,0
D8,2026-03-11,Store_15,23.1119,72.6109,09:45,29,2,11,0
D6,2026-02-22,Store_17,23.0341,72.7033,10:30,10,6,8,1
D1,2026-03-08,Store_49,23.149,72.5923,10:30,28,6,10,1
D8,2026-03-10,Store_1,23.0599,72.4663,15:45,29,1,11,0
D1,2026-04-09,Store_28,23.062,72.6123,12:15,10,3,15,0
D9,2026-02-17,Store_13,23.1393,72.5441,14:45,35,1,8,0
D4,2026-01-21,Store_46,22.9274,72.6169,14:45,24,2,4,0
D5,2026-01-11,Store_28,23.062,72.6123,11:30,28,6,2,1
D9,2026-04-14,Store_18,22.9946,72.598,14:15,14,1,16,0
D3,2026-01-18,Store_19,23.1074,72.6146,09:45,38,6,3,1
D5,2026-03-31,Store_40,22.9662,72.5217,15:15,30,1,14,0
D1,2026-01-20,Store_4,23.123,72.4817,16:00,21,1,4,0
D2,2026-02-06,Store_18,22.9946,72.598,10:45,10,4,6,0
D4,2026-01-12,Store_10,23.1024,72.4616,08:45,23,0,3,0
D6,2026-02-23,Store_20,23.1154,72.6043,15:30,39,0,9,0
D1,2026-02-12,Store_6,22.9547,72.5863,10:00,27,3,7,0
D7,2026-01-10,Store_35,22.9789,72.5269,15:15,22,5,2,1
D5,2026-04-15,Store_25,23.0589,72.5512,08:00,25,2,16,0
D7,2026-04-09,Store_29,22.9428,72.6423,11:00,22,3,15,0
D8,2026-04-05,Store_50,23.1428,72.6752,09:15,40,6,14,1
D7,2026-03-29,Store_20,23.1154,72.6043,13:15,12,6,13,1
D9,2026-03-08,Store_8,23.0625,72.5962,12:45,29,6,10,1
D4,2026-02-16,Store_4,23.123,72.4817,11:00,25,0,8,0
D7,2026-02-11,Store_1,23.0599,72.4663,10:30,17,2,7,0
D7,2026-04-12,Store_16,23.1018,72.6424,08:00,40,6,15,1
D10,2026-01-20,Store_24,22.9253,72.5295,09:15,20,1,4,0
D8,2026-01-12,Store_44,23.1494,72.5874,17:30,13,0,3,0
D1,2026-02-15,Store_42,23.0461,72.6845,10:00,18,6,7,1
D8,2026-01-30,Store_21,23.0761,72.4715,16:30,38,4,5,0
D4,2026-01-03,Store_45,22.9227,72.4718,14:30,18,5,1,1
D5,2026-04-26,Store_3,23.0841,72.6292,15:45,45,6,17,1
D5,2026-03-11,Store_45,22.9227,72.4718,15:15,21,2,11,0
D9,2026-02-14,Store_21,23.0761,72.4715,15:30,45,5,7,1
D3,2026-01-09,Store_34,22.9573,72.468,10:45,28,4,2,0
D5,2026-03-11,Store_24,22.9253,72.5295,15:00,42,2,11,0
D7,2026-04-04,Store_12,22.9851,72.4989,08:30,25,5,14,1
D6,2026-04-03,Store_5,23.0055,72.4674,16:45,22,4,14,0
D9,2026-03-29,Store_32,23.0392,72.6312,16:15,28,6,13,1
D6,2026-02-22,Store_42,23.0461,72.6845,13:00,16,6,8,1
D9,2026-03-26,Store_5,23.0055,72.4674,08:15,21,3,13,0
D1,2026-01-26,Store_7,22.9066,72.5097,15:15,16,0,5,0
D1,2026-03-15,Store_42,23.0461,72.6845,14:45,43,6,11,1
D10,2026-03-31,Store_38,23.0639,72.5589,12:00,33,1,14,0
D4,2026-03-19,Store_46,22.9274,72.6169,09:00,23,3,12,0
D8,2026-04-29,Store_6,22.9547,72.5863,15:00,33,2,18,0
D9,2026-04-06,Store_27,22.9667,72.6942,13:00,27,0,15,0
D9,2026-01-06,Store_47,23.098,72.5655,09:30,14,1,2,0
D4,2026-03-08,Store_7,22.9066,72.5097,09:15,44,6,10,1
D7,2026-01-25,Store_13,23.1393,72.5441,16:15,21,6,4,1
D9,2026-04-06,Store_36,22.9527,72.6957,14:00,32,0,15,0
D8,2026-03-31,Store_43,22.9999,72.5148,14:00,20,1,14,0
D3,2026-03-12,Store_26,22.9925,72.5124,16:30,20,3,11,0
D9,2026-03-18,Store_29,22.9428,72.6423,13:30,45,2,12,0
D6,2026-04-19,Store_24,22.9253,72.5295,14:45,30,6,16,1
D10,2026-01-31,Store_37,23.1191,72.5387,16:15,34,5,5,1
D9,2026-04-29,Store_48,22.9159,72.5554,12:30,38,2,18,0
D8,2026-02-20,Store_1,23.0599,72.4663,08:30,11,4,8,0
D9,2026-01-18,Store_20,23.1154,72.6043,08:30,24,6,3,1
D4,2026-04-20,Store_21,23.0761,72.4715,08:30,45,0,17,0
D9,2026-03-13,Store_37,23.1191,72.5387,17:15,16,4,11,0
D1,2026-02-28,Store_23,22.9199,72.5182,10:15,26,5,9,1
D6,2026-04-24,Store_38,23.0639,72.5589,11:15,26,4,17,0
D5,2026-01-12,Store_37,23.1191,72.5387,14:15,14,0,3,0
D6,2026-04-12,Store_31,23.1474,72.62,10:45,16,6,15,1
D10,2026-03-24,Store_20,23.1154,72.6043,08:45,15,1,13,0
D1,2026-04-28,Store_50,23.1428,72.6752,13:30,37,1,18,0
D7,2026-04-30,Store_8,23.0625,72.5962,11:00,34,3,18,0
D1,2026-02-09,Store_34,22.9573,72.468,08:30,44,0,7,0
D10,2026-01-20,Store_21,23.0761,72.4715,16:15,19,1,4,0
D1,2026-03-28,Store_47,23.098,72.5655,14:45,42,5,13,1
D2,2026-01-29,Store_28,23.062,72.6123,12:45,19,3,5,0
D3,2026-02-13,Store_6,22.9547,72.5863,15:00,45,4,7,0
D7,2026-02-03,Store_6,22.9547,72.5863,14:45,18,1,6,0
D3,2026-03-03,Store_36,22.9527,72.6957,11:45,35,1,10,0
D10,2026-01-26,Store_36,22.9527,72.6957,17:15,25,0,5,0
D2,2026-02-04,Store_50,23.1428,72.6752,14:30,15,2,6,0
D2,2026-03-27,Store_27,22.9667,72.6942,14:30,32,4,13,0
D4,2026-02-11,Store_23,22.9199,72.5182,17:00,29,2,7,0
D3,2026-02-14,Store_40,22.9662,72.5217,15:15,38,5,7,1
D1,2026-04-29,Store_15,23.1119,72.6109,11:30,19,2,18,0
D2,2026-01-15,Store_48,22.9159,72.5554,08:15,19,3,3,0
D5,2026-01-02,Store_22,22.957,72.5323,09:30,38,4,1,0
D8,2026-01-03,Store_22,22.957,72.5323,11:15,23,5,1,1
D9,2026-03-08,Store_49,23.149,72.5923,12:45,19,6,10,1
D1,2026-02-18,Store_38,23.0639,72.5589,16:00,26,2,8,0
D3,2026-01-08,Store_19,23.1074,72.6146,11:30,13,3,2,0
D8,2026-03-25,Store_1,23.0599,72.4663,09:45,27,2,13,0
D6,2026-04-21,Store_7,22.9066,72.5097,08:30,34,1,17,0
D4,2026-02-18,Store_33,23.1107,72.654,09:30,41,2,8,0
D10,2026-03-10,Store_6,22.9547,72.5863,10:15,42,1,11,0
D8,2026-03-13,Store_46,22.9274,72.6169,08:00,25,4,11,0
D9,2026-02-09,Store_22,22.957,72.5323,15:45,20,0,7,0
D1,2026-02-14,Store_44,23.1494,72.5874,13:30,29,5,7,1
D4,2026-03-06,Store_18,22.9946,72.598,08:30,34,4,10,0
D1,2026-05-01,Store_36,22.9527,72.6957,12:15,19,4,18,0
D6,2026-04-25,Store_26,22.9925,72.5124,10:00,34,5,17,1
D9,2026-03-28,Store_40,22.9662,72.5217,11:45,25,5,13,1
D10,2026-01-20,Store_28,23.062,72.6123,12:30,38,1,4,0
D9,2026-01-17,Store_14,22.9232,72.4842,10:15,18,5,3,1
D5,2026-03-30,Store_46,22.9274,72.6169,16:15,37,0,14,0
D3,2026-03-25,Store_37,23.1191,72.5387,10:30,14,2,13,0
D9,2026-03-10,Store_47,23.098,72.5655,09:15,30,1,11,0
D3,2026-04-04,Store_2,22.9688,72.5158,13:45,36,5,14,1
D5,2026-02-26,Store_48,22.9159,72.5554,12:15,22,3,9,0
D2,2026-01-17,Store_12,22.9851,72.4989,08:30,24,5,3,1
D10,2026-01-30,Store_15,23.1119,72.6109,08:30,15,4,5,0
D8,2026-01-18,Store_33,23.1107,72.654,17:45,33,6,3,1
D3,2026-04-20,Store_25,23.0589,72.5512,15:45,18,0,17,0
D3,2026-01-25,Store_15,23.1119,72.6109,08:45,10,6,4,1
D5,2026-02-22,Store_15,23.1119,72.6109,11:15,14,6,8,1
D3,2026-04-29,Store_29,22.9428,72.6423,17:45,30,2,18,0
D8,2026-04-24,Store_16,23.1018,72.6424,14:45,12,4,17,0
D10,2026-04-05,Store_25,23.0589,72.5512,13:45,44,6,14,1
D9,2026-03-24,Store_46,22.9274,72.6169,08:00,38,1,13,0
D8,2026-04-16,Store_3,23.0841,72.6292,11:45,12,3,16,0
D9,2026-02-19,Store_34,22.9573,72.468,08:15,28,3,8,0
D8,2026-02-20,Store_20,23.1154,72.6043,12:45,20,4,8,0
D7,2026-02-07,Store_40,22.9662,72.5217,08:15,39,5,6,1
D8,2026-01-12,Store_47,23.098,72.5655,16:00,21,0,3,0
D10,2026-05-01,Store_45,22.9227,72.4718,16:15,35,4,18,0
D7,2026-02-11,Store_29,22.9428,72.6423,08:15,39,2,7,0
D10,2026-04-25,Store_46,22.9274,72.6169,11:45,15,5,17,1
D5,2026-02-11,Store_45,22.9227,72.4718,10:00,15,2,7,0
D2,2026-04-01,Store_29,22.9428,72.6423,13:00,43,2,14,0
D7,2026-04-04,Store_33,23.1107,72.654,17:15,34,5,14,1
D9,2026-02-18,Store_3,23.0841,72.6292,10:30,19,2,8,0
D3,2026-04-22,Store_10,23.1024,72.4616,10:00,36,2,17,0
D5,2026-02-09,Store_47,23.098,72.5655,15:30,21,0,7,0
D2,2026-04-26,Store_9,22.9551,72.6073,11:00,26,6,17,1
D1,2026-02-28,Store_32,23.0392,72.6312,15:00,41,5,9,1
D4,2026-01-28,Store_38,23.0639,72.5589,15:45,36,2,5,0
D8,2026-01-11,Store_39,23.1286,72.5747,17:00,25,6,2,1
D9,2026-02-05,Store_40,22.9662,72.5217,16:15,13,3,6,0
D3,2026-01-19,Store_4,23.123,72.4817,13:00,19,0,4,0
D1,2026-03-27,Store_37,23.1191,72.5387,17:30,31,4,13,0
D2,2026-01-07,Store_7,22.9066,72.5097,14:15,20,2,2,0
D5,2026-03-20,Store_43,22.9999,72.5148,17:15,39,4,12,0
D10,2026-02-16,Store_3,23.0841,72.6292,09:30,30,0,8,0
D6,2026-04-25,Store_25,23.0589,72.5512,09:45,45,5,17,1
D2,2026-02-07,Store_31,23.1474,72.62,10:00,27,5,6,1
D6,2026-03-09,Store_27,22.9667,72.6942,16:15,23,0,11,0
D10,2026-01-08,Store_7,22.9066,72.5097,17:00,40,3,2,0
D10,2026-04-30,Store_46,22.9274,72.6169,12:45,30,3,18,0
D5,2026-03-09,Store_37,23.1191,72.5387,17:30,18,0,11,0
D10,2026-03-14,Store_32,23.0392,72.6312,16:45,41,5,11,1
D3,2026-04-24,Store_40,22.9662,72.5217,11:30,22,4,17,0
D1,2026-01-16,Store_2,22.9688,72.5158,15:00,23,4,3,0
D10,2026-02-23,Store_27,22.9667,72.6942,08:30,32,0,9,0
D9,2026-04-14,Store_41,23.0403,72.5257,11:00,22,1,16,0
D5,2026-02-02,Store_5,23.0055,72.4674,12:30,42,0,6,0
D9,2026-02-11,Store_50,23.1428,72.6752,08:00,31,2,7,0
D6,2026-02-20,Store_47,23.098,72.5655,17:00,21,4,8,0
D4,2026-02-12,Store_22,22.957,72.5323,15:45,12,3,7,0
D3,2026-03-03,Store_10,23.1024,72.4616,15:30,39,1,10,0
D7,2026-04-29,Store_48,22.9159,72.5554,08:30,30,2,18,0
D9,2026-03-10,Store_2,22.9688,72.5158,11:30,32,1,11,0
D2,2026-01-20,Store_18,22.9946,72.598,08:30,34,1,4,0
D9,2026-04-18,Store_11,23.1015,72.6345,17:45,21,5,16,1
D10,2026-01-15,Store_49,23.149,72.5923,12:30,12,3,3,0
D5,2026-02-22,Store_6,22.9547,72.5863,15:15,33,6,8,1
D8,2026-04-17,Store_20,23.1154,72.6043,11:30,21,4,16,0
D2,2026-02-17,Store_3,23.0841,72.6292,11:00,38,1,8,0
D9,2026-01-04,Store_31,23.1474,72.62,16:15,22,6,1,1
D6,2026-04-29,Store_31,23.1474,72.62,16:30,30,2,18,0
D3,2026-04-09,Store_7,22.9066,72.5097,16:15,23,3,15,0
D1,2026-02-28,Store_25,23.0589,72.5512,16:00,10,5,9,1
D5,2026-04-30,Store_3,23.0841,72.6292,17:00,31,3,18,0
D8,2026-04-24,Store_3,23.0841,72.6292,09:30,11,4,17,0
D10,2026-04-08,Store_20,23.1154,72.6043,11:30,22,2,15,0
D4,2026-02-06,Store_18,22.9946,72.598,16:30,38,4,6,0
D2,2026-02-04,Store_10,23.1024,72.4616,10:30,17,2,6,0
D1,2026-03-21,Store_36,22.9527,72.6957,16:00,23,5,12,1
D9,2026-02-14,Store_36,22.9527,72.6957,13:30,19,5,7,1
D5,2026-03-15,Store_16,23.1018,72.6424,10:00,29,6,11,1
D10,2026-04-25,Store_22,22.957,72.5323,16:45,13,5,17,1
D3,2026-01-04,Store_31,23.1474,72.62,08:00,34,6,1,1
D1,2026-01-12,Store_28,23.062,72.6123,14:15,38,0,3,0
D10,2026-02-15,Store_20,23.1154,72.6043,13:15,44,6,7,1
D2,2026-04-29,Store_49,23.149,72.5923,15:15,15,2,18,0
D8,2026-01-13,Store_30,22.9409,72.5549,12:45,40,1,3,0
D4,2026-01-29,Store_10,23.1024,72.4616,17:30,33,3,5,0
D7,2026-01-24,Store_45,22.9227,72.4718,13:30,39,5,4,1
D8,2026-01-04,Store_5,23.0055,72.4674,15:00,32,6,1,1
D8,2026-03-01,Store_11,23.1015,72.6345,12:30,18,6,9,1
D9,2026-01-14,Store_26,22.9925,72.5124,09:30,45,2,3,0
D2,2026-04-12,Store_20,23.1154,72.6043,16:45,35,6,15,1
D10,2026-02-22,Store_16,23.1018,72.6424,17:15,45,6,8,1
D3,2026-03-03,Store_25,23.0589,72.5512,09:30,23,1,10,0
D10,2026-02-25,Store_28,23.062,72.6123,17:30,44,2,9,0
D4,2026-01-23,Store_43,22.9999,72.5148,09:45,17,4,4,0
D10,2026-03-18,Store_30,22.9409,72.5549,13:00,38,2,12,0
D3,2026-02-09,Store_26,22.9925,72.5124,09:00,34,0,7,0
D6,2026-03-05,Store_42,23.0461,72.6845,08:00,23,3,10,0
D3,2026-04-24,Store_38,23.0639,72.5589,08:15,19,4,17,0
D8,2026-03-10,Store_19,23.1074,72.6146,14:45,22,1,11,0
D4,2026-03-29,Store_21,23.0761,72.4715,12:30,37,6,13,1
D6,2026-01-12,Store_38,23.0639,72.5589,08:45,18,0,3,0
D5,2026-01-08,Store_24,22.9253,72.5295,16:00,10,3,2,0
D9,2026-04-16,Store_23,22.9199,72.5182,09:30,11,3,16,0
D4,2026-02-25,Store_45,22.9227,72.4718,17:45,30,2,9,0
D7,2026-02-21,Store_25,23.0589,72.5512,14:15,21,5,8,1
D8,2026-01-18,Store_13,23.1393,72.5441,16:45,33,6,3,1
D7,2026-01-20,Store_19,23.1074,72.6146,10:15,10,1,4,0
D2,2026-03-24,Store_2,22.9688,72.5158,10:45,37,1,13,0
D3,2026-01-11,Store_9,22.9551,72.6073,14:45,37,6,2,1
D10,2026-01-24,Store_30,22.9409,72.5549,16:45,45,5,4,1
D8,2026-02-19,Store_23,22.9199,72.5182,11:15,37,3,8,0
D10,2026-01-01,Store_37,23.1191,72.5387,15:15,42,3,1,0
D5,2026-02-22,Store_35,22.9789,72.5269,17:30,12,6,8,1
D1,2026-03-14,Store_31,23.1474,72.62,13:00,40,5,11,1
D2,2026-01-19,Store_47,23.098,72.5655,16:30,39,0,4,0
D9,2026-01-11,Store_34,22.9573,72.468,17:00,25,6,2,1
D8,2026-03-22,Store_48,22.9159,72.5554,09:30,13,6,12,1
D6,2026-03-10,Store_50,23.1428,72.6752,08:45,39,1,11,0
D9,2026-04-26,Store_31,23.1474,72.62,17:30,36,6,17,1
D6,2026-04-13,Store_19,23.1074,72.6146,12:15,12,0,16,0
D10,2026-04-06,Store_20,23.1154,72.6043,17:30,13,0,15,0
D8,2026-03-16,Store_11,23.1015,72.6345,17:00,28,0,12,0
D10,2026-01-04,Store_19,23.1074,72.6146,15:00,18,6,1,1
D9,2026-01-10,Store_18,22.9946,72.598,12:15,27,5,2,1
D5,2026-04-20,Store_17,23.0341,72.7033,08:00,21,0,17,0
D10,2026-04-05,Store_10,23.1024,72.4616,15:30,21,6,14,1
D5,2026-04-11,Store_45,22.9227,72.4718,11:45,21,5,15,1
D9,2026-04-21,Store_3,23.0841,72.6292,13:00,19,1,17,0
D10,2026-04-30,Store_10,23.1024,72.4616,15:45,34,3,18,0
D4,2026-03-26,Store_29,22.9428,72.6423,10:15,32,3,13,0
D1,2026-03-24,Store_17,23.0341,72.7033,09:00,20,1,13,0
D8,2026-02-21,Store_31,23.1474,72.62,12:45,44,5,8,1
D4,2026-02-18,Store_44,23.1494,72.5874,14:45,26,2,8,0
D3,2026-03-09,Store_28,23.062,72.6123,08:30,38,0,11,0
D7,2026-03-28,Store_21,23.0761,72.4715,16:00,16,5,13,1
D9,2026-03-23,Store_23,22.9199,72.5182,14:30,31,0,13,0
D5,2026-02-04,Store_7,22.9066,72.5097,12:45,39,2,6,0
D4,2026-04-04,Store_44,23.1494,72.5874,17:15,43,5,14,1
D6,2026-03-28,Store_45,22.9227,72.4718,10:30,45,5,13,1
D1,2026-03-28,Store_1,23.0599,72.4663,09:00,36,5,13,1
D2,2026-03-09,Store_7,22.9066,72.5097,15:30,24,0,11,0
D5,2026-02-02,Store_13,23.1393,72.5441,08:00,15,0,6,0
D1,2026-05-01,Store_39,23.1286,72.5747,11:00,17,4,18,0
D2,2026-04-20,Store_39,23.1286,72.5747,10:45,21,0,17,0
D2,2026-03-31,Store_12,22.9851,72.4989,12:30,39,1,14,0
D2,2026-03-23,Store_30,22.9409,72.5549,12:45,30,0,13,0
D5,2026-01-21,Store_50,23.1428,72.6752,09:30,13,2,4,0
D7,2026-02-19,Store_22,22.957,72.5323,08:30,26,3,8,0
D3,2026-02-26,Store_5,23.0055,72.4674,15:15,35,3,9,0
D3,2026-03-24,Store_32,23.0392,72.6312,09:15,44,1,13,0
D7,2026-01-28,Store_40,22.9662,72.5217,09:45,26,2,5,0
D2,2026-01-05,Store_5,23.0055,72.4674,09:30,38,0,2,0
D1,2026-04-25,Store_32,23.0392,72.6312,10:00,12,5,17,1
D7,2026-02-04,Store_10,23.1024,72.4616,13:45,10,2,6,0
D9,2026-04-01,Store_50,23.1428,72.6752,15:45,37,2,14,0
D7,2026-04-19,Store_47,23.098,72.5655,09:15,10,6,16,1
D7,2026-03-30,Store_50,23.1428,72.6752,15:00,44,0,14,0
D6,2026-02-12,Store_44,23.1494,72.5874,12:45,13,3,7,0
D2,2026-02-16,Store_35,22.9789,72.5269,13:00,39,0,8,0
D5,2026-03-24,Store_13,23.1393,72.5441,10:00,34,1,13,0
D4,2026-02-08,Store_45,22.9227,72.4718,14:00,32,6,6,1
D8,2026-01-11,Store_41,23.0403,72.5257,15:15,18,6,2,1
D1,2026-01-25,Store_2,22.9688,72.5158,17:15,41,6,4,1
D7,2026-01-09,Store_35,22.9789,72.5269,12:45,44,4,2,0
D8,2026-01-03,Store_3,23.0841,72.6292,13:00,31,5,1,1
D1,2026-02-21,Store_8,23.0625,72.5962,11:45,44,5,8,1
D3,2026-04-05,Store_38,23.0639,72.5589,11:00,12,6,14,1
D3,2026-03-04,Store_42,23.0461,72.6845,08:45,12,2,10,0
D4,2026-03-31,Store_42,23.0461,72.6845,10:00,21,1,14,0
D1,2026-04-26,Store_20,23.1154,72.6043,09:45,20,6,17,1
D10,2026-01-09,Store_7,22.9066,72.5097,09:45,24,4,2,0
D2,2026-04-13,Store_13,23.1393,72.5441,14:30,35,0,16,0
D6,2026-01-16,Store_44,23.1494,72.5874,17:15,30,4,3,0
D4,2026-04-08,Store_3,23.0841,72.6292,17:15,31,2,15,0
D2,2026-01-16,Store_18,22.9946,72.598,10:45,20,4,3,0
D6,2026-03-12,Store_11,23.1015,72.6345,15:15,12,3,11,0
D3,2026-01-13,Store_41,23.0403,72.5257,17:45,20,1,3,0
D1,2026-04-23,Store_32,23.0392,72.6312,09:00,10,3,17,0
D3,2026-04-29,Store_6,22.9547,72.5863,17:30,36,2,18,0
D8,2026-03-30,Store_9,22.9551,72.6073,11:15,27,0,14,0
D9,2026-02-27,Store_27,22.9667,72.6942,11:15,12,4,9,0
D10,2026-01-24,Store_46,22.9274,72.6169,15:00,29,5,4,1
D6,2026-02-23,Store_1,23.0599,72.4663,16:15,22,0,9,0
D2,2026-03-09,Store_7,22.9066,72.5097,17:30,44,0,11,0
D9,2026-01-29,Store_30,22.9409,72.5549,11:30,13,3,5,0
D4,2026-01-15,Store_10,23.1024,72.4616,15:45,21,3,3,0
D3,2026-03-27,Store_3,23.0841,72.6292,08:30,28,4,13,0
D4,2026-02-25,Store_17,23.0341,72.7033,13:45,12,2,9,0
D2,2026-04-05,Store_4,23.123,72.4817,16:15,20,6,14,1
D1,2026-03-04,Store_33,23.1107,72.654,09:00,25,2,10,0
D8,2026-03-17,Store_38,23.0639,72.5589,13:45,22,1,12,0
D6,2026-01-30,Store_50,23.1428,72.6752,09:30,24,4,5,0
D2,2026-01-31,Store_48,22.9159,72.5554,14:15,34,5,5,1
D4,2026-01-10,Store_31,23.1474,72.62,17:45,13,5,2,1
D7,2026-01-19,Store_14,22.9232,72.4842,17:45,21,0,4,0
D7,2026-02-17,Store_9,22.9551,72.6073,15:15,32,1,8,0
D5,2026-01-26,Store_22,22.957,72.5323,10:00,13,0,5,0
